adj-eng,adj-fre,adj-ger,adj-ita,adj-ned,adj-rus,adj-vie,adj-zho,noun-eng,noun-fre,noun-ger,noun-ita,noun-ned,noun-rus,noun-vie,noun-zho,phrase-eng,phrase-fre,phrase-ger,phrase-ita,phrase-ned,phrase-rus,phrase-vie,phrase-zho,phrase_complete-eng,phrase_complete-fre,phrase_complete-ger,phrase_complete-ita,phrase_complete-ned,phrase_complete-rus,phrase_complete-vie,phrase_complete-zho,phrase_prefix-eng,phrase_prefix-fre,phrase_prefix-ger,phrase_prefix-ita,phrase_prefix-ned,phrase_prefix-rus,phrase_prefix-vie,phrase_prefix-zho
sharp,aigu,spitzen,acuto,scherpe,острый,nhọn,銳,angle,angle,Winkel,angolo,hoek,угол,góc,角,sharp angle,angle aigu,spitzen Winkel,angolo acuto,scherpe hoek,острый угол,góc nhọn,銳角,I saw the sharp angle,J'ai vu l'angle aigu,Ich sah den spitzen Winkel,Ho visto l'angolo acuto,Ik zag de scherpe hoek,Я увидел острый угол,Tôi đã thấy góc nhọn,我看見了銳角,I saw the,J'ai vu l',Ich sah den,Ho visto l',Ik zag de,Я увидел,Tôi đã thấy,我看見了
scary,effrayante,gruselige,spaventosa,enge,страшного,đáng sợ,可怕的,ant,fourmi,Ameise,formica,mier,муравья,kiến,螞蟻,scary ant,fourmi effrayante,gruselige Ameise,formica spaventosa,enge mier,страшный муравей,kiến đáng sợ,可怕的螞蟻,I saw the scary ant,J'ai vu la fourmi effrayante,Ich sah die gruselige Ameise,Ho visto la formica spaventosa,Ik zag de enge mier,Я увидел страшного муравья,Tôi đã thấy con kiến đáng sợ,我看見了可怕的螞蟻,I saw the,J'ai vu la,Ich sah die,Ho visto la,Ik zag de,Я увидел,Tôi đã thấy con,我看見了
red,rouge,roten,rossa,rode,красное,đỏ,紅,apple,pomme,Apfel,mela,appel,яблоко,táo,蘋果,red apple,pomme rouge,roten Apfel,mela rossa,rode appel,красное яблоко,táo đỏ,紅蘋果,I saw the red apple,J'ai vu la pomme rouge,Ich sah den roten Apfel,Ho visto la mela rossa,Ik zag de rode appel,Я увидел красное яблоко,Tôi đã thấy quả táo đỏ,我看見了紅蘋果,I saw the,J'ai vu la,Ich sah den,Ho visto la,Ik zag de,Я увидел,Tôi đã thấy quả,我看見了
curved,incurvé,geschwungenen,curvo,gebogen,изогнутую,cong,彎曲,arch,arc,Bogen,arco,boog,арку,cầu vồng,拱門,curved arch,arc incurvé,geschwungenen Bogen,arco curvo,gebogen boog,изогнутая арка,cầu vồng cong,彎曲拱門,I saw the curved arch,J'ai vu l'arc incurvé,Ich sah den geschwungenen Bogen,Ho visto l'arco curvo,Ik zag de gebogen boog,Я увидел изогнутую арку,Tôi đã thấy cầu vồng cong,我看見了彎曲拱門,I saw the,J'ai vu l',Ich sah den,Ho visto l',Ik zag de,Я увидел,Tôi đã thấy,我看見了
strong,fort,starken,forte,sterke,сильную,mạnh mẽ,強硬,arm,bras,Arm,braccio,arm,руку,cánh tay,手段,strong arm,bras fort,starken Arm,braccio forte,sterke arm,сильная рука,cánh tay mạnh mẽ,強硬手段,I saw the strong arm,J'ai vu le bras fort,Ich sah den starken Arm,Ho visto il braccio forte,Ik zag de sterke arm,Я увидел сильную руку,Tôi đã thấy cánh tay mạnh mẽ,我看見了強硬手段,I saw the,J'ai vu le,Ich sah den,Ho visto il,Ik zag de,Я увидел,Tôi đã thấy,我看見了
strong,forte,starke,forte,sterke,сильную,hùng mạnh,強大,army,armée,Armee,esercito,leger,армию,quân đội,軍隊,strong army,armée forte,starke Armee,esercito forte,sterke leger,сильная армия,quân đội hùng mạnh,強大的軍隊,I saw the strong army,J'ai vu l'armée forte,Ich sah die starke Armee,Ho visto il esercito forte,Ik zag het sterke leger,Я увидел сильную армию,Tôi đã thấy quân đội hùng mạnh,我看見了強大的軍隊,I saw the,J'ai vu l',Ich sah die,Ho visto il,Ik zag het,Я увидел,Tôi đã thấy,我看見了
cute,mignon,süße,carino,schattige,милого,đáng yêu,可愛的,baby,bébé,Baby,bambino,baby,ребёнка,em bé,寶寶,cute baby,bébé mignon,süße Baby,bambino carino,schattige baby,милый ребенок,em bé đáng yêu,可愛的寶寶,I saw the cute baby,J'ai vu le bébé mignon,Ich sah das süße Baby,Ho visto il bambino carino,Ik zag de schattige baby,Я увидел милого ребёнка,Tôi đã thấy em bé đáng yêu,我看見了可愛的寶寶,I saw the,J'ai vu le,Ich sah das,Ho visto il,Ik zag de,Я увидел,Tôi đã thấy,我看見了
heavy,lourd,schwere,pesante,zware,тяжёлую,nặng,重型,bag,sac,Tasche,borsa,tas,сумку,túi,沙袋,heavy bag,sac lourd,schwere Tasche,borsa pesante,zware tas,тяжелая сумка,túi nặng,重型沙袋,I saw the heavy bag,J'ai vu le sac lourd,Ich sah die schwere Tasche,Ho visto la borsa pesante,Ik zag de zware tas,Я увидел тяжёлую сумку,Tôi đã thấy cái túi nặng,我看見了重型沙袋,I saw the,J'ai vu le,Ich sah die,Ho visto la,Ik zag de,Я увидел,Tôi đã thấy cái,我看見了
round,ronde,runde,rotonda,ronde,круглый,tròn,圓,ball,balle,Kugel,palla,bal,мяч,bóng,球,round ball,balle ronde,runde Kugel,palla rotonda,ronde bal,круглый мяч,bóng tròn,圓球,I saw the round ball,J'ai vu la balle ronde,Ich sah die runde Kugel,Ho visto la palla rotonda,Ik zag de ronde bal,Я увидел круглый мяч,Tôi đã thấy quả bóng tròn,我看見了圓球,I saw the,J'ai vu la,Ich sah die,Ho visto la,Ik zag de,Я увидел,Tôi đã thấy quả,我看見了
tight,serrée,enge,stretta,strakke,плотную,chặt,緊繃的,band,bande,Band,fascia,band,ленту,dải băng,束帶,tight band,bande serrée,enge Band,fascia stretta,strakke band,плотная лента,dải băng chặt,緊繃的束帶,I saw the tight band,J'ai vu la bande serrée,Ich sah das enge Band,Ho visto la fascia stretta,Ik zag de strakke band,Я увидел плотную ленту,Tôi đã thấy dải băng chặt,我看見了緊繃的束帶,I saw the,J'ai vu la,Ich sah das,Ho visto la,Ik zag de,Я увидел,Tôi đã thấy,我看見了
empty,vide,leere,vuota,lege,пустую,rỗng,空,basin,bassin,Becken,vasca,bak,миску,chậu,盆,empty basin,bassin vide,leere Becken,vasca vuota,lege bak,пустая миска,chậu rỗng,空盆,I saw the empty basin,J'ai vu le bassin vide,Ich sah das leere Becken,Ho visto la vasca vuota,Ik zag de lege bak,Я увидел пустую миску,Tôi đã thấy cái chậu rỗng,我看見了空盆,I saw the,J'ai vu le,Ich sah das,Ho visto la,Ik zag de,Я увидел,Tôi đã thấy cái,我看見了
woven,tressé,geflochtenen,intrecciato,gevlochten,плетёную,đan,编织,basket,panier,Korb,cesto,mand,корзину,giỏ,篮,woven basket,panier tressé,geflochtenen Korb,cesto intrecciato,gevlochten mand,плетеная корзина,giỏ đan,编织篮,I saw the woven basket,J'ai vu le panier tressé,Ich sah den geflochtenen Korb,Ho visto il cesto intrecciato,Ik zag de gevlochten mand,Я увидел плетёную корзину,Tôi đã thấy cái giỏ đan,我看見了编织篮,I saw the,J'ai vu le,Ich sah den,Ho visto il,Ik zag de,Я увидел,Tôi đã thấy cái,我看見了
hot,chaud,heiße,caldo,warme,горячую,nước nóng,热水,bath,bain,Bad,bagno,bad,ванну,bồn tắm,澡,hot bath,bain chaud,heiße Bad,bagno caldo,warme bad,горячая ванна,bồn tắm nước nóng,热水澡,I saw the hot bath,J'ai vu le bain chaud,Ich sah die heiße Bad,Ho visto il bagno caldo,Ik zag het warme bad,Я увидел горячую ванну,Tôi đã thấy cái bồn tắm nước nóng,我看見了热水澡,I saw the,J'ai vu le,Ich sah die,Ho visto il,Ik zag het,Я увидел,Tôi đã thấy cái,我看見了
comfortable,confortable,bequeme,comodo,comfortabele,удобную,êm ái,舒适,bed,lit,Bett,letto,bed,кровать,giường,床,comfortable bed,lit confortable,bequeme Bett,letto comodo,comfortabele bed,удобная кровать,giường êm ái,舒适床,I saw the comfortable bed,J'ai vu le lit confortable,Ich sah das bequeme Bett,Ho visto il letto comodo,Ik zag het comfortabele bed,Я увидел удобную кровать,Tôi đã thấy cái giường êm ái,我看見了舒适床,I saw the,J'ai vu le,Ich sah das,Ho visto il,Ik zag het,Я увидел,Tôi đã thấy cái,我看見了
yellow,jaune,gelbe,gialla,gele,жёлтую,vàng,黄,bee,abeille,Biene,ape,bij,пчелу,ong,蜂,yellow bee,abeille jaune,gelbe Biene,ape gialla,gele bij,желтая пчела,ong vàng,黄蜂,I saw the yellow bee,J'ai vu l'abeille jaune,Ich sah die gelbe Biene,Ho visto l'ape gialla,Ik zag de gele bij,Я увидел жёлтую пчелу,Tôi đã thấy con ong vàng,我看見了黄蜂,I saw the,J'ai vu l',Ich sah die,Ho visto l',Ik zag de,Я увидел,Tôi đã thấy con,我看見了
loud,bruyante,laute,rumorosa,luide,громкий,to,响亮,bell,cloche,Glocke,campana,bel,колокол,chuông,铃,loud bell,cloche bruyante,laute Glocke,campana rumorosa,luide bel,громкий колокол,chuông to,响亮铃,I saw the loud bell,J'ai vu la cloche bruyante,Ich sah die laute Glocke,Ho visto la campana rumorosa,Ik zag de luide bel,Я увидел громкий колокол,Tôi đã thấy cái chuông to,我看見了响亮铃,I saw the,J'ai vu la,Ich sah die,Ho visto la,Ik zag de,Я увидел,Tôi đã thấy cái,我看見了
sweet,sucrée,süße,dolce,zoete,сладкую,ngọt,甜,berry,baie,Beere,bacca,bes,ягоду,mọng,浆果,sweet berry,baie sucrée,süße Beere,bacca dolce,zoete bes,сладкая ягода,mọng ngọt,甜浆果,I saw the sweet berry,J'ai vu la baie sucrée,Ich sah die süße Beere,Ho visto la bacca dolce,Ik zag de zoete bes,Я увидел сладкую ягоду,Tôi đã thấy quả mọng ngọt,我看見了甜浆果,I saw the,J'ai vu la,Ich sah die,Ho visto la,Ik zag de,Я увидел,Tôi đã thấy quả,我看見了
strange,étrange,seltsamen,strano,vreemde,странную,lạ,奇,bird,oiseau,Vogel,uccello,vogel,птицу,chim,鸟,strange bird,oiseau étrange,seltsamen Vogel,uccello strano,vreemde vogel,странная птица,chim lạ,奇鸟,I saw the strange bird,J'ai vu l'oiseau étrange,Ich sah den seltsamen Vogel,Ho visto l'uccello strano,Ik zag de vreemde vogel,Я увидел странную птицу,Tôi đã thấy con chim lạ,我看見了奇鸟,I saw the,J'ai vu l',Ich sah den,Ho visto l',Ik zag de,Я увидел,Tôi đã thấy con,我看見了
sharp,tranchante,scharfe,affilata,scherpe,острый,sắc,鋒利的,blade,lame,Klinge,lama,mes,нож,lưỡi dao,刀刃,sharp blade,lame tranchante,scharfe Klinge,lama affilata,scherpe mes,острый нож,lưỡi dao sắc,鋒利的刀刃,I saw the sharp blade,J'ai vu la lame tranchante,Ich sah die scharfe Klinge,Ho visto la lama affilata,Ik zag het scherpe mes,Я увидел острый нож,Tôi đã thấy lưỡi dao sắc,我看見了鋒利的刀刃,I saw the,J'ai vu la,Ich sah die,Ho visto la,Ik zag het,Я увидел,Tôi đã thấy,我看見了
flat,plate,flache,piatta,vlakke,плоскую,phẳng,平,board,planche,Brett,tavola,plank,доску,bảng,板,flat board,planche plate,flache Brett,tavola piatta,vlakke plank,плоская доска,bảng phẳng,平板,I saw the flat board,J'ai vu la planche plate,Ich sah das flache Brett,Ho visto la tavola piatta,Ik zag de vlakke plank,Я увидел плоскую доску,Tôi đã thấy cái bảng phẳng,我看見了平板,I saw the,J'ai vu la,Ich sah das,Ho visto la,Ik zag de,Я увидел,Tôi đã thấy cái,我看見了
wooden,en bois,hölzerne,di,houten,деревянную,gỗ,木,boat,bateau,Boot,barca,boot,лодку,thuyền,船,wooden boat,bateau en bois,hölzerne Boot,barca di legno,houten boot,деревянная лодка,thuyền gỗ,木船,I saw the wooden boat,J'ai vu le bateau en bois,Ich sah das hölzerne Boot,Ho visto la barca di legno,Ik zag de houten boot,Я увидел деревянную лодку,Tôi đã thấy con thuyền gỗ,我看見了木船,I saw the,J'ai vu le,Ich sah das,Ho visto la,Ik zag de,Я увидел,Tôi đã thấy con,我看見了
hard,dur,harten,duro,harde,твёрдую,cứng,硬,bone,os,Knochen,osso,bot,кость,xương,骨头,hard bone,os dur,harten Knochen,osso duro,harde bot,твердая кость,xương cứng,硬骨头,I saw the hard bone,J'ai vu l'os dur,Ich sah den harten Knochen,Ho visto l'osso duro,Ik zag het harde bot,Я увидел твёрдую кость,Tôi đã thấy cái xương cứng,我看見了硬骨头,I saw the,J'ai vu l',Ich sah den,Ho visto l',Ik zag het,Я увидел,Tôi đã thấy cái,我看見了
interesting,intéressant,interessante,interessante,interessante,интересную,thú vị,有趣,book,livre,Buch,libro,boek,книгу,sách,书,interesting book,livre intéressant,interessante Buch,libro interessante,interessante boek,интересная книга,sách thú vị,有趣书,I saw the interesting book,J'ai vu le livre intéressant,Ich sah das interessante Buch,Ho visto il libro interessante,Ik zag het interessante boek,Я увидел интересную книгу,Tôi đã thấy cuốn sách thú vị,我看見了有趣书,I saw the,J'ai vu le,Ich sah das,Ho visto il,Ik zag het,Я увидел,Tôi đã thấy cuốn,我看見了
muddy,boueuse,schlammigen,infangato,modderige,грязные,bùn,泥,boot,botte,Stiefel,stivale,laars,сапоги,giày,靴,muddy boot,botte boueuse,schlammigen Stiefel,stivale infangato,modderige laars,грязные сапоги,giày bùn,泥靴,I saw the muddy boot,J'ai vu la botte boueuse,Ich sah die schlammigen Stiefel,Ho visto lo stivale infangato,Ik zag de modderige laars,Я увидел грязные сапоги,Tôi đã thấy đôi giày bùn,我看見了泥靴,I saw the,J'ai vu la,Ich sah die,Ho visto lo,Ik zag de,Я увидел,Tôi đã thấy đôi,我看見了
full,pleine,volle,piena,volle,полную,đầy,满,bottle,bouteille,Flasche,bottiglia,fles,бутылку,chai,瓶,full bottle,bouteille pleine,volle Flasche,bottiglia piena,volle fles,полная бутылка,chai đầy,满瓶,I saw the full bottle,J'ai vu la bouteille pleine,Ich sah die volle Flasche,Ho visto la bottiglia piena,Ik zag de volle fles,Я увидел полную бутылку,Tôi đã thấy cái chai đầy,我看見了满瓶,I saw the,J'ai vu la,Ich sah die,Ho visto la,Ik zag de,Я увидел,Tôi đã thấy cái,我看見了
white,blanche,weiße,bianca,witte,белую,trắng,白,box,boîte,Schachtel,scatola,doos,коробку,hộp,盒,white box,boîte blanche,weiße Schachtel,scatola bianca,witte doos,белая коробка,hộp trắng,白盒,I saw the white box,J'ai vu la boîte blanche,Ich sah die weiße Schachtel,Ho visto la scatola bianca,Ik zag de witte doos,Я увидел белую коробку,Tôi đã thấy cái hộp trắng,我看見了白盒,I saw the,J'ai vu la,Ich sah die,Ho visto la,Ik zag de,Я увидел,Tôi đã thấy cái,我看見了
stupid,garçon,dummen,giovane,domme,маленького,ngốc nghếch,笨,boy,jeune,Junge,ragazzo,jongen,мальчика,đứa trẻ,男孩,stupid boy,garçon stupide,dummen Junge,ragazzo giovane,domme jongen,глупый мальчик,đứa trẻ ngốc nghếch,笨男孩,I saw the stupid boy,J'ai vu le garçon stupide,Ich sah den dummen Junge,Ho visto il ragazzo giovane,Ik zag de domme jongen,Я увидел маленького мальчика,Tôi đã thấy đứa trẻ ngốc nghếch,我看見了笨男孩,I saw the,J'ai vu le,Ich sah den,Ho visto il,Ik zag de,Я увидел,Tôi đã thấy,我看見了
smart,intelligent,kluge,intelligente,slimme,умный,thông minh,聪明,brain,cerveau,Gehirn,cervello,hersenen,мозг,bộ não,脑,smart brain,cerveau intelligent,kluge Gehirn,cervello intelligente,slimme hersenen,умный мозг,bộ não thông minh,聪明脑,I saw the smart brain,J'ai vu le cerveau intelligent,Ich sah das kluge Gehirn,Ho visto il cervello intelligente,Ik zag het slimme hersenen,Я увидел умный мозг,Tôi đã thấy bộ não thông minh,我看見了聪明脑,I saw the,J'ai vu le,Ich sah das,Ho visto il,Ik zag het,Я увидел,Tôi đã thấy,我看見了
thin,fine,dünnen,sottile,dunne,тонкую,mảnh,细,branch,branche,Ast,ramo,tak,ветку,cành cây,枝,thin branch,branche fine,dünnen Ast,ramo sottile,dunne tak,тонкая ветка,cành cây mảnh,细枝,I saw the thin branch,J'ai vu la branche fine,Ich sah den dünnen Ast,Ho visto il ramo sottile,Ik zag de dunne tak,Я увидел тонкую ветку,Tôi đã thấy cành cây mảnh,我看見了细枝,I saw the,J'ai vu la,Ich sah den,Ho visto il,Ik zag de,Я увидел,Tôi đã thấy,我看見了
red,rouge,roten,rosso,rode,красный,đỏ,红,brick,brique,Ziegelstein,mattone,baksteen,кирпич,gạch,砖,red brick,brique rouge,roten Ziegelstein,mattone rosso,rode baksteen,красный кирпич,gạch đỏ,红砖,I saw the red brick,J'ai vu la brique rouge,Ich sah den roten Ziegelstein,Ho visto il mattone rosso,Ik zag de rode baksteen,Я увидел красный кирпич,Tôi đã thấy viên gạch đỏ,我看見了红砖,I saw the,J'ai vu la,Ich sah den,Ho visto il,Ik zag de,Я увидел,Tôi đã thấy viên,我看見了
narrow,étroit,schmale,stretto,smalle,узкий,hẹp,窄,bridge,pont,Brücke,ponte,brug,мост,cầu,桥,narrow bridge,pont étroit,schmale Brücke,ponte stretto,smalle brug,узкий мост,cầu hẹp,窄桥,I saw the narrow bridge,J'ai vu le pont étroit,Ich sah die schmale Brücke,Ho visto il ponte stretto,Ik zag de smalle brug,Я увидел узкий мост,Tôi đã thấy cây cầu hẹp,我看見了窄桥,I saw the,J'ai vu le,Ich sah die,Ho visto il,Ik zag de,Я увидел,Tôi đã thấy cây,我看見了
stiff,rigide,steife,rigida,stijve,жёсткую,cứng,硬,brush,brosse,Bürste,spazzola,borstel,щётку,cây cọ,刷,stiff brush,brosse rigide,steife Bürste,spazzola rigida,stijve borstel,жесткая щетка,cây cọ cứng,硬刷,I saw the stiff brush,J'ai vu la brosse rigide,Ich sah die steife Bürste,Ho visto la spazzola rigida,Ik zag de stijve borstel,Я увидел жёсткую щётку,Tôi đã thấy cây cọ cứng,我看見了硬刷,I saw the,J'ai vu la,Ich sah die,Ho visto la,Ik zag de,Я увидел,Tôi đã thấy,我看見了
metal,en métal,metallenen,di,metalen,металлическое,kim loại,金属,bucket,seau,Eimer,secchio,emmer,ведро,thùng,桶,metal bucket,seau en métal,metallenen Eimer,secchio di metallo,metalen emmer,металлическое ведро,thùng kim loại,金属桶,I saw the metal bucket,J'ai vu le seau en métal,Ich sah den metallenen Eimer,Ho visto il secchio di metallo,Ik zag de metalen emmer,Я увидел металлическое ведро,Tôi đã thấy cái thùng kim loại,我看見了金属桶,I saw the,J'ai vu le,Ich sah den,Ho visto il,Ik zag de,Я увидел,Tôi đã thấy cái,我看見了
bright,lumineuse,helle,luminosa,heldere,яркую,sáng,亮,bulb,ampoule,Glühbirne,lampadina,lamp,лампочку,bóng đèn,灯泡,bright bulb,ampoule lumineuse,helle Glühbirne,lampadina luminosa,heldere lamp,яркая лампочка,bóng đèn sáng,亮灯泡,I saw the bright bulb,J'ai vu l'ampoule lumineuse,Ich sah die helle Glühbirne,Ho visto la lampadina luminosa,Ik zag de heldere lamp,Я увидел яркую лампочку,Tôi đã thấy bóng đèn sáng,我看見了亮灯泡,I saw the,J'ai vu l',Ich sah die,Ho visto la,Ik zag de,Я увидел,Tôi đã thấy,我看見了
red,rouge,roten,rosso,rode,красную,đỏ,红,button,bouton,Knopf,pulsante,knop,кнопку,nút,按钮,red button,bouton rouge,roten Knopf,pulsante rosso,rode knop,красная кнопка,nút đỏ,红按钮,I saw the red button,J'ai vu le bouton rouge,Ich sah den roten Knopf,Ho visto il pulsante rosso,Ik zag de rode knop,Я увидел красную кнопку,Tôi đã thấy cái nút đỏ,我看見了红按钮,I saw the,J'ai vu le,Ich sah den,Ho visto il,Ik zag de,Я увидел,Tôi đã thấy cái,我看見了
sweet,sucré,süßen,dolce,zoete,сладкий,ngọt,甜,cake,gâteau,Kuchen,torta,cake,торт,bánh,蛋糕,sweet cake,gâteau sucré,süßen Kuchen,torta dolce,zoete cake,сладкий торт,bánh ngọt,甜蛋糕,I saw the sweet cake,J'ai vu le gâteau sucré,Ich sah den süßen Kuchen,Ho visto la torta dolce,Ik zag de zoete cake,Я увидел сладкий торт,Tôi đã thấy cái bánh ngọt,我看見了甜蛋糕,I saw the,J'ai vu le,Ich sah den,Ho visto la,Ik zag de,Я увидел,Tôi đã thấy cái,我看見了
digital,numérique,digitale,digitale,digitale,цифровую,kỹ thuật số,数码,camera,appareil photo,Kamera,fotocamera,camera,камеру,máy ảnh,相机,digital camera,appareil photo numérique,digitale Kamera,fotocamera digitale,digitale camera,цифровая камера,máy ảnh kỹ thuật số,数码相机,I saw the digital camera,J'ai vu l'appareil photo numérique,Ich sah die digitale Kamera,Ho visto la fotocamera digitale,Ik zag de digitale camera,Я увидел цифровую камеру,Tôi đã thấy cái máy ảnh kỹ thuật số,我看見了数码相机,I saw the,J'ai vu l',Ich sah die,Ho visto la,Ik zag de,Я увидел,Tôi đã thấy cái,我看見了
colourful,colorée,bunte,colorato,kleurrijke,красочную,sặc sỡ,繽紛,card,carte,Karte,cartoncino,kaart,открытку,thẻ,卡片,colourful card,carte colorée,bunte Karte,cartoncino colorato,kleurrijke kaart,красочная открытка,thẻ sặc sỡ,繽紛卡片,I saw the colourful card,J'ai vu la carte colorée,Ich sah die bunte Karte,Ho visto il cartoncino colorato,Ik zag de kleurrijke kaart,Я увидел красочную открытку,Tôi đã thấy tấm thẻ sặc sỡ,我看見了繽紛卡片,I saw the,J'ai vu la,Ich sah die,Ho visto il,Ik zag de,Я увидел,Tôi đã thấy tấm,我看見了
old,coûteuse,alte,carrozza,oude,старую,cũ,旧,carriage,voiture,Kutsche,vecchia,koets,карету,xe ngựa,马车,old carriage,voiture coûteuse,alte Kutsche,vecchia carrozza,oude koets,старая карета,xe ngựa cũ,旧马车,I saw the old carriage,J'ai vu la voiture coûteuse,Ich sah die alte Kutsche,Ho visto la vecchia carrozza,Ik zag de oude koets,Я увидел старую карету,Tôi đã thấy cái xe ngựa cũ,我看見了旧马车,I saw the,J'ai vu la,Ich sah die,Ho visto la,Ik zag de,Я увидел,Tôi đã thấy cái,我看見了
wooden,en bois,hölzernen,di,houten,деревянную,gỗ,木头,cart,chariot,Karren,carretto,kar,тележку,xe kéo,车,wooden cart,chariot en bois,hölzernen Karren,carretto di legno,houten kar,деревянная тележка,xe kéo gỗ,木头车,I saw the wooden cart,J'ai vu le chariot en bois,Ich sah den hölzernen Karren,Ho visto il carretto di legno,Ik zag de houten kar,Я увидел деревянную тележку,Tôi đã thấy cái xe kéo gỗ,我看見了木头车,I saw the,J'ai vu le,Ich sah den,Ho visto il,Ik zag de,Я увидел,Tôi đã thấy cái,我看見了
lazy,paresseux,faule,pigro,luie,ленивую,lười,懒,cat,chat,Katze,gatto,kat,кошку,mèo,猫,lazy cat,chat paresseux,faule Katze,gatto pigro,luie kat,ленивая кошка,mèo lười,懒猫,I saw the lazy cat,J'ai vu le chat paresseux,Ich sah die faule Katze,Ho visto il gatto pigro,Ik zag de luie kat,Я увидел ленивую кошку,Tôi đã thấy con mèo lười,我看見了懒猫,I saw the,J'ai vu le,Ich sah die,Ho visto il,Ik zag de,Я увидел,Tôi đã thấy con,我看見了
heavy,chaîne,schwere,pesante,zware,тяжёлую,nặng,沉重的,chain,lourde,Kette,catena,ketting,цепь,xích sắt,铁链,heavy chain,lourde chaîne,schwere Kette,catena pesante,zware ketting,тяжелая цепь,xích sắt nặng,沉重的铁链,I saw the heavy chain,J'ai vu la lourde chaîne,Ich sah den schwere Kette,Ho visto la catena pesante,Ik zag de zware ketting,Я увидел тяжёлую цепь,Tôi đã thấy sợi xích sắt nặng,我看見了沉重的铁链,I saw the,J'ai vu la,Ich sah den,Ho visto la,Ik zag de,Я увидел,Tôi đã thấy sợi,我看見了
soft,mou,weicher,morbido,zachte,мягкий,mềm,软,cheese,fromage,Käse,formaggio,kaas,сыр,pho mát,奶酪,soft cheese,fromage mou,weicher Käse,formaggio morbido,zachte kaas,мягкий сыр,pho mát mềm,软奶酪,I saw the soft cheese,J'ai vu le fromage mou,Ich sah die weicher Käse,Ho visto il formaggio morbido,Ik zag de zachte kaas,Я увидел мягкий сыр,Tôi đã thấy miếng pho mát mềm,我看見了软奶酪,I saw the,J'ai vu le,Ich sah die,Ho visto il,Ik zag de,Я увидел,Tôi đã thấy miếng,我看見了
wooden,en bois,hölzene,di,houten,деревянный,gỗ,木,chest,coffre,Kiste,cassa,kist,сундук,hộp,箱,wooden chest,coffre en bois,hölzene Kiste,cassa di legno,houten kist,деревянный сундук,hộp gỗ,木箱,I saw the wooden chest,J'ai vu le coffre en bois,Ich sah die hölzene Kiste,Ho visto la cassa di legno,Ik zag de houten kist,Я увидел деревянный сундук,Tôi đã thấy cái hộp gỗ,我看見了木箱,I saw the,J'ai vu le,Ich sah die,Ho visto la,Ik zag de,Я увидел,Tôi đã thấy cái,我看見了
pointed,pointu,spitze,appuntito,puntige,острый,nhọn,尖,chin,menton,Kinn,mento,kin,подбородок,cằm,下巴,pointed chin,menton pointu,spitze Kinn,mento appuntito,puntige kin,острый подбородок,cằm nhọn,尖下巴,I saw the pointed chin,J'ai vu le menton pointu,Ich sah das spitze Kinn,Ho visto il mento appuntito,Ik zag de puntige kin,Я увидел острый подбородок,Tôi đã thấy cái cằm nhọn,我看見了尖下巴,I saw the,J'ai vu le,Ich sah das,Ho visto il,Ik zag de,Я увидел,Tôi đã thấy cái,我看見了
Christian,chrétienne,christliche,cristiana,christelijke,христианскую,Kitô giáo,基督,church,église,Kirche,chiesa,kerk,церковь,Nhà thờ,教堂,Chistian church,église chrétienne,christliche Kirche,chiesa cristiana,christelijke kerk,христианская церковь,Nhà thờ Kitô giáo,基督教堂,I saw the Chistian church,J'ai vu l'église chrétienne,Ich sah die christliche Kirche,Ho visto la chiesa cristiana,Ik zag de christelijke kerk,Я увидел христианскую церковь,Tôi đã thấy Nhà thờ Kitô giáo,我看見了基督教堂,I saw the,J'ai vu l',Ich sah die,Ho visto la,Ik zag de,Я увидел,Tôi đã thấy,我看見了
perfect,parfait,perfekten,perfetto,perfecte,идеальный,hoàn hảo,完美的,circle,cercle,Kreis,cerchio,cirkel,круг,hình tròn,圆圈,perfect circle,cercle parfait,perfekten Kreis,cerchio perfetto,perfecte cirkel,идеальный круг,hình tròn hoàn hảo,完美的圆圈,I saw the perfect circle,J'ai vu le cercle parfait,Ich sah den perfekten Kreis,Ho visto il cerchio perfetto,Ik zag de perfecte cirkel,Я увидел идеальный круг,Tôi đã thấy hình tròn hoàn hảo,我看見了完美的圆圈,I saw the,J'ai vu le,Ich sah den,Ho visto il,Ik zag de,Я увидел,Tôi đã thấy,我看見了
round,ronde,runde,rotondo,ronde,круглые,tròn,圆形,clock,horloge,Uhr,orologio,klok,часы,đồng hồ,时钟,round clock,horloge ronde,runde Uhr,orologio rotondo,ronde klok,круглые часы,đồng hồ tròn,圆形时钟,I saw the round clock,J'ai vu l'horloge ronde,Ich sah die runde Uhr,Ho visto l'orologio rotondo,Ik zag de ronde klok,Я увидел круглые часы,Tôi đã thấy cái đồng hồ tròn,我看見了圆形时钟,I saw the,J'ai vu l',Ich sah die,Ho visto l',Ik zag de,Я увидел,Tôi đã thấy cái,我看見了
white,blanc,weiße,bianca,witte,белое,trắng,白,cloud,nuage,Wolke,nuvola,wolk,облако,đám mây,云,white cloud,nuage blanc,weiße Wolke,nuvola bianca,witte wolk,белое облако,đám mây trắng,白云,I saw the white cloud,J'ai vu le nuage blanc,Ich sah die weiße Wolke,Ho visto la nuvola bianca,Ik zag de witte wolk,Я увидел белое облако,Tôi đã thấy đám mây trắng,我看見了白云,I saw the,J'ai vu le,Ich sah die,Ho visto la,Ik zag de,Я увидел,Tôi đã thấy,我看見了
warm,chaud,warmen,caldo,warme,тёплое,ấm,暖和的,coat,manteau,Mantel,cappotto,jas,пальто,áo khoác,衣服,warm coat,manteau chaud,warmen Mantel,cappotto caldo,warme jas,теплое пальто,áo khoác ấm,暖和的衣服,I saw the warm coat,J'ai vu le manteau chaud,Ich sah den warmen Mantel,Ho visto il cappotto caldo,Ik zag de warme jas,Я увидел тёплое пальто,Tôi đã thấy cái áo khoác ấm,我看見了暖和的衣服,I saw the,J'ai vu le,Ich sah den,Ho visto il,Ik zag de,Я увидел,Tôi đã thấy cái,我看見了
tight,serré,engen,stretto,strakke,тугой,chật,紧绷的,collar,collier,Kragen,colletto,kraag,воротник,cổ áo,领口,tight collar,collier serré,engen Kragen,colletto stretto,strakke kraag,тугой воротник,cổ áo chật,紧绷的领口,I saw the tight collar,J'ai vu le collier serré,Ich sah den engen Kragen,Ho visto il colletto stretto,Ik zag de strakke kraag,Я увидел тугой воротник,Tôi đã thấy cái cổ áo chật,我看見了紧绷的领口,I saw the,J'ai vu le,Ich sah den,Ho visto il,Ik zag de,Я увидел,Tôi đã thấy cái,我看見了
plastic,en plastique,plastischen,di,plastic,пластиковый,nhựa,塑料,comb,peigne,Kamm,pettine,kam,гребень,lược,梳子,plastic comb,peigne en plastique,plastischen Kamm,pettine di plastica,plastic kam,пластиковый гребень,lược nhựa,塑料梳子,I saw the plastic comb,J'ai vu le peigne en plastique,Ich sah den plastischen Kamm,Ho visto il pettine di plastica,Ik zag de plastic kam,Я увидел пластиковый гребень,Tôi đã thấy cái lược nhựa,我看見了塑料梳子,I saw the,J'ai vu le,Ich sah den,Ho visto il,Ik zag de,Я увидел,Tôi đã thấy cái,我看見了
black,noir,schwarze,nero,zwarte,чёрный,đen,黑,cord,cordon,Seil,cordone,koord,шнур,dây,绳子,black cord,cordon noir,schwarze Seil,cordone nero,zwarte koord,черный шнур,dây đen,黑绳子,I saw the black cord,J'ai vu le cordon noir,Ich sah das schwarze Seil,Ho visto il cordone nero,Ik zag het zwarte koord,Я увидел чёрный шнур,Tôi đã thấy sợi dây đen,我看見了黑绳子,I saw the,J'ai vu le,Ich sah das,Ho visto il,Ik zag het,Я увидел,Tôi đã thấy sợi,我看見了
brown,brune,braune,marrone,bruine,коричневую,nâu,棕,cow,vache,Kuh,mucca,koe,корову,bò,牛,brown cow,vache brune,braune Kuh,mucca marrone,bruine koe,коричневая корова,bò nâu,棕牛,I saw the brown cow,J'ai vu la vache brune,Ich sah die braune Kuh,Ho visto la mucca marrone,Ik zag de bruine koe,Я увидел коричневую корову,Tôi đã thấy con bò nâu,我看見了棕牛,I saw the,J'ai vu la,Ich sah die,Ho visto la,Ik zag de,Я увидел,Tôi đã thấy con,我看見了
hot,chaude,heiße,calda,hete,горячую,nóng,熱,cup,tasse,Tasse,tazza,kop,чашку,ly,杯,hot cup,tasse chaude,heiße Tasse,tazza calda,hete kop,горячая чашка,ly nóng,熱杯,I saw the hot cup,J'ai vu la tasse chaude,Ich sah die heiße Tasse,Ho visto la tazza calda,Ik zag de hete kop,Я увидел горячую чашку,Tôi đã thấy cái ly nóng,我看見了熱杯,I saw the,J'ai vu la,Ich sah die,Ho visto la,Ik zag de,Я увидел,Tôi đã thấy cái,我看見了
thick,épais,dicken,spessa,dikke,плотную,dày,厚,curtain,rideau,Vorhang,tenda,gordijn,занавеску,rèm,窗帘,thick curtain,rideau épais,dicken Vorhang,tenda spessa,dikke gordijn,плотная занавеска,rèm dày,厚窗帘,I saw the thick curtain,J'ai vu le rideau épais,Ich sah den dicken Vorhang,Ho visto la tenda spessa,Ik zag het dikke gordijn,Я увидел плотную занавеску,Tôi đã thấy tấm rèm dày,我看見了厚窗帘,I saw the,J'ai vu le,Ich sah den,Ho visto la,Ik zag het,Я увидел,Tôi đã thấy tấm,我看見了
soft,doux,weiche,morbido,zachte,мягкую,mềm,软,cushion,coussin,Kissen,cuscino,kussen,подушку,gối,垫子,soft cushion,coussin doux,weiche Kissen,cuscino morbido,zachte kussen,мягкая подушка,gối mềm,软垫子,I saw the soft cushion,J'ai vu le coussin doux,Ich sah das weiche Kissen,Ho visto il cuscino morbido,Ik zag het zachte kussen,Я увидел мягкую подушку,Tôi đã thấy cái gối mềm,我看見了软垫子,I saw the,J'ai vu le,Ich sah das,Ho visto il,Ik zag het,Я увидел,Tôi đã thấy cái,我看見了
loyal,fidèle,treuer,fedele,trouwe,верного,trung thành,忠,dog,chien,Hund,cane,hond,пса,chó,犬,loyal dog,chien fidèle,treuer Hund,cane fedele,trouwe hond,верный пес,chó trung thành,忠犬,I saw the loyal dog,J'ai vu le chien fidèle,Ich sah der treuer Hund,Ho visto il cane fedele,Ik zag de trouwe hond,Я увидел верного пса,Tôi đã thấy con chó trung thành,我看見了忠犬,I saw the,J'ai vu le,Ich sah der,Ho visto il,Ik zag de,Я увидел,Tôi đã thấy con,我看見了
open,ouverte,offene,aperta,open,открытую,mở,敞开的,door,porte,Tür,porta,deur,дверь,cửa,门,open door,porte ouverte,offene Tür,porta aperta,open deur,открытая дверь,cửa mở,敞开的门,I saw the open door,J'ai vu la porte ouverte,Ich sah die offene Tür,Ho visto la porta aperta,Ik zag de open deur,Я увидел открытую дверь,Tôi đã thấy cái cửa mở,我看見了敞开的门,I saw the,J'ai vu la,Ich sah die,Ho visto la,Ik zag de,Я увидел,Tôi đã thấy cái,我看見了
clogged,bouché,verstopfte,intasato,verstopte,засорённый,bị tắc,堵塞的,drain,drain,Abflussrinne,scarico,afvoer,слив,thoát nước,排水管,clogged drain,drain bouché,verstopfte Abflussrinne,scarico intasato,verstopte afvoer,засоренный слив,thoát nước bị tắc,堵塞的排水管,I saw the clogged drain,J'ai vu le drain bouché,Ich sah die verstopfte Abflussrinne,Ho visto lo scarico intasato,Ik zag de verstopte afvoer,Я увидел засорённый слив,Tôi đã thấy cái thoát nước bị tắc,我看見了堵塞的排水管,I saw the,J'ai vu le,Ich sah die,Ho visto lo,Ik zag de,Я увидел,Tôi đã thấy cái,我看見了
open,ouvert,offene,aperto,open,открытый,mở,开启,drawer,tiroir,Schublade,cassetto,lade,ящик,ngăn kéo,抽屉,open drawer,tiroir ouvert,offene Schublade,cassetto aperto,open lade,открытый ящик,ngăn kéo mở,抽屉开启,I saw the open drawer,J'ai vu le tiroir ouvert,Ich sah die offene Schublade,Ho visto il cassetto aperto,Ik zag de open lade,Я увидел открытый ящик,Tôi đã thấy cái ngăn kéo mở,我看見了抽屉开启,I saw the,J'ai vu le,Ich sah die,Ho visto il,Ik zag de,Я увидел,Tôi đã thấy cái ngăn kéo mở,我看見了
pretty,robe,hübsche,vestito,mooie,красивое,xinh xắn,漂亮,dress,jolie,Kleid,bel,jurk,платье,váy,裙子,pretty dress,jolie robe,hübsche Kleid,bel vestito,mooie jurk,красивое платье,váy xinh xắn,漂亮裙子,I saw the pretty dress,J'ai vu la jolie robe,Ich sah das hübsche Kleid,Ho visto il bel vestito,Ik zag de mooie jurk,Я увидел красивое платье,Tôi đã thấy chiếc váy xinh xắn,我看見了漂亮裙子,I saw the,J'ai vu la,Ich sah das,Ho visto il,Ik zag de,Я увидел,Tôi đã thấy chiếc,我看見了
small,goutte,kleinen,goccia,kleine,небольшую,nhỏ,小,drop,petite,Tropfen,piccola,druppel,каплю,giọt,水滴,small drop,petite goutte,kleinen Tropfen,piccola goccia,kleine druppel,небольшая капля,giọt nhỏ,小水滴,I saw the small drop,J'ai vu la petite goutte,Ich sah den kleinen Tropfen,Ho visto la piccola goccia,Ik zag de kleine druppel,Я увидел небольшую каплю,Tôi đã thấy giọt nhỏ,我看見了小水滴,I saw the,J'ai vu la,Ich sah den,Ho visto la,Ik zag de,Я увидел,Tôi đã thấy,我看見了
sensitive,sensible,empfindliche,sensibile,gevoelige,чувствительное,nhạy cảm,灵敏,ear,oreille,Ohr,orecchio,oor,ухо,tai,耳朵,sensitive ear,oreille sensible,empfindliche Ohr,orecchio sensibile,gevoelige oor,чувствительное ухо,tai nhạy cảm,灵敏耳朵,I saw the sensitive ear,J'ai vu l'oreille sensible,Ich sah das empfindliche Ohr,Ho visto l'orecchio sensibile,Ik zag het gevoelige oor,Я увидел чувствительное ухо,Tôi đã thấy cái tai nhạy cảm,我看見了灵敏耳朵,I saw the,J'ai vu l',Ich sah das,Ho visto l',Ik zag het,Я увидел,Tôi đã thấy cái,我看見了
boiled,dur,gekochte,sodo,gekookte,варёное,luộc,水煮,egg,œuf,Ei,uovo,ei,яйцо,trứng,蛋,boiled egg,œuf dur,gekochte Ei,uovo sodo,gekookte ei,варёное яйцо,trứng luộc,水煮蛋,I saw the boiled egg,J'ai vu l'œuf dur,Ich sah das gekochte Ei,Ho visto l'uovo sodo,Ik zag het gekookte ei,Я увидел варёное яйцо,Tôi đã thấy quả trứng luộc,我看見了水煮蛋,I saw the,J'ai vu l',Ich sah das,Ho visto l',Ik zag het,Я увидел,Tôi đã thấy quả,我看見了
powerful,puissant,leistungsstarken,potente,krachtige,мощный,mạnh mẽ,強勁,engine,moteur,Motor,motore,motor,двигатель,động cơ,引擎,powerful engine,moteur puissant,leistungsstarken Motor,motore potente,krachtige motor,мощный двигатель,động cơ mạnh mẽ,強勁引擎,I saw the powerful engine,J'ai vu le moteur puissant,Ich sah den leistungsstarken Motor,Ho visto il motore potente,Ik zag de krachtige motor,Я увидел мощный двигатель,Tôi đã thấy động cơ mạnh mẽ,我看見了強勁引擎,I saw the,J'ai vu le,Ich sah den,Ho visto il,Ik zag de,Я увидел,Tôi đã thấy,我看見了
blue,bleu,blaue,blu,blauwe,голубой,xanh,藍,eye,œil,Auge,occhio,oog,глаза,mắt,眼睛,blue eye,œil bleu,blaue Auge,occhio blu,blauwe oog,голубой глаз,mắt xanh,藍眼睛,I saw the blue eye,J'ai vu l'œil bleu,Ich sah das blaue Auge,Ho visto l'occhio blu,Ik zag het blauwe oog,Я увидел голубой глаза,Tôi đã thấy đôi mắt xanh,我看見了藍眼睛,I saw the,J'ai vu l',Ich sah das,Ho visto l',Ik zag het,Я увидел,Tôi đã thấy đôi,我看見了
happy,heureux,fröhliches,felice,blije,счастливое,vui vẻ,快乐的,face,visage,Gesicht,faccia,gezicht,лицо,khuôn mặt,脸庞,happy face,visage heureux,fröhliches Gesicht,faccia felice,blije gezicht,счастливое лицо,khuôn mặt vui vẻ,快乐的脸庞,I saw the happy face,J'ai vu le visage heureux,Ich sah das fröhliches Gesicht,Ho visto la faccia felice,Ik zag het blije gezicht,Я увидел счастливое лицо,Tôi đã thấy khuôn mặt vui vẻ,我看見了快乐的脸庞,I saw the,J'ai vu le,Ich sah das,Ho visto la,Ik zag het,Я увидел,Tôi đã thấy,我看見了
isolated,isolée,abgelegene,isolata,afgelegen,уединённую,biệt lập,孤立的,farm,ferme,Farm,fattoria,boerderij,ферму,nông trại,農場,isolated farm,ferme isolée,abgelegene Farm,fattoria isolata,afgelegen boerderij,уединённая ферма,nông trại biệt lập,孤立的農場,I saw the isolated farm,J'ai vu la ferme isolée,Ich sah die abgelegene Farm,Ho visto la fattoria isolata,Ik zag de afgelegen boerderij,Я увидел уединённую ферму,Tôi đã thấy nông trại biệt lập,我看見了孤立的農場,I saw the,J'ai vu la,Ich sah die,Ho visto la,Ik zag de,Я увидел,Tôi đã thấy,我看見了
light,légère,leichte,leggera,lichte,лёгкое,nhẹ,轻盈的,feather,plume,Feder,piuma,veer,перо,lông vũ,羽毛,light feather,plume légère,leichte Feder,piuma leggera,lichte veer,легкое перо,lông vũ nhẹ,轻盈的羽毛,I saw the light feather,J'ai vu la plume légère,Ich sah die leichte Feder,Ho visto la piuma leggera,Ik zag de lichte veer,Я увидел лёгкое перо,Tôi đã thấy chiếc lông vũ nhẹ,我看見了轻盈的羽毛,I saw the,J'ai vu la,Ich sah die,Ho visto la,Ik zag de,Я увидел,Tôi đã thấy chiếc,我看見了
long,long,langen,lungo,lange,длинный,dài,修长的,finger,doigt,Finger,dito,vinger,палец,ngón tay,手指,long finger,doigt long,langen Finger,dito lungo,lange vinger,длинный палец,ngón tay dài,修长的手指,I saw the long finger,J'ai vu le doigt long,Ich sah den langen Finger,Ho visto il dito lungo,Ik zag de lange vinger,Я увидел длинный палец,Tôi đã thấy ngón tay dài,我看見了修长的手指,I saw the,J'ai vu le,Ich sah den,Ho visto il,Ik zag de,Я увидел,Tôi đã thấy,我看見了
fresh,frais,frischen,fresco,verse,свежую,tươi,新鲜的,fish,poisson,Fisch,pesce,vis,рыбу,cá,鱼,fresh fish,poisson frais,frischen Fisch,pesce fresco,verse vis,свежая рыба,cá tươi,新鲜的鱼,I saw the fresh fish,J'ai vu le poisson frais,Ich sah den frischen Fisch,Ho visto il pesce fresco,Ik zag de verse vis,Я увидел свежую рыбу,Tôi đã thấy con cá tươi,我看見了新鲜的鱼,I saw the,J'ai vu le,Ich sah den,Ho visto il,Ik zag de,Я увидел,Tôi đã thấy con,我看見了
national,national,nationale,nazionale,nationale,национальный,quốc gia,国,flag,drapeau,Flagge,bandiera,vlag,флаг,cờ,旗,national flag,drapeau national,nationale Flagge,bandiera nazionale,nationale vlag,национальный флаг,cờ quốc gia,国旗,I saw the national flag,J'ai vu le drapeau national,Ich sah die nationale Flagge,Ho visto la bandiera nazionale,Ik zag de nationale vlag,Я увидел национальный флаг,Tôi đã thấy lá cờ quốc gia,我看見了国旗,I saw the,J'ai vu le,Ich sah die,Ho visto la,Ik zag de,Я увидел,Tôi đã thấy lá,我看見了
clean,propre,sauberen,pulito,schone,чистого,sạch sẽ,干净的,floor,sol,Boden,pavimento,vloer,пола,sàn nhà,地板,clean floor,sol propre,sauberen Boden,pavimento pulito,schone vloer,чистый пол,sàn nhà sạch sẽ,干净的地板,I saw the clean floor,J'ai vu le sol propre,Ich sah den sauberen Boden,Ho visto il pavimento pulito,Ik zag de schone vloer,Я увидел чистого пола,Tôi đã thấy sàn nhà sạch sẽ,我看見了干净的地板,I saw the,J'ai vu le,Ich sah den,Ho visto il,Ik zag de,Я увидел,Tôi đã thấy,我看見了
fast,rapide,schnelle,veloce,snelle,быструю,nhanh,快,fly,mouche,Fliege,mosca,vlieg,муху,ruồi,蒼蠅,fast fly,mouche rapide,schnelle Fliege,mosca veloce,snelle vlieg,быстрая муха,ruồi nhanh,快蒼蠅,I saw the fast fly,J'ai vu la mouche rapide,Ich sah die schnelle Fliege,Ho visto la mosca veloce,Ik zag de snelle vlieg,Я увидел быструю муху,Tôi đã thấy con ruồi nhanh,我看見了快蒼蠅,I saw the,J'ai vu la,Ich sah die,Ho visto la,Ik zag de,Я увидел,Tôi đã thấy con,我看見了
bare,nu,bare,nudo,blote,босую,trần,赤,foot,pied,Fuß,piede,voet,ногу,chân,腳,bare foot,pied nu,bare Fuß,piede nudo,blote voet,босая нога,chân trần,赤腳,I saw the bare foot,J'ai vu les pied nu,Ich sah das bare Fuß,Ho visto il piede nudo,Ik zag de blote voet,Я увидел босую ногу,Tôi đã thấy đôi chân trần,我看見了赤腳,I saw the,J'ai vu les,Ich sah das,Ho visto il,Ik zag de,Я увидел,Tôi đã thấy đôi,我看見了
metal,en métal,metallene,di,metalen,металлическую,kim loại,金属,fork,fourchette,Gabel,forchetta,vork,вилку,dĩa,叉子,metal fork,fourchette en métal,metallenen Gabel,forchetta di metallo,metalen vork,металлическая вилка,dĩa kim loại,金属叉子,I saw the metal fork,J'ai vu la fourchette en métal,Ich sah die metallene Gabel,Ho visto la forchetta di metallo,Ik zag de metalen vork,Я увидел металлическую вилку,Tôi đã thấy cái dĩa kim loại,我看見了金属叉子,I saw the,J'ai vu la,Ich sah die,Ho visto la,Ik zag de,Я увидел,Tôi đã thấy cái,我看見了
wooden,en bois,hölzenen,in,houten,деревянную,gỗ,木製,frame,cadre,Rahmen,telaio,kader,раму,khung,框架,wooden frame,cadre en bois,hölzenen Rahmen,telaio in legno,houten kader,деревянная рама,khung gỗ,木製框架,I saw the wooden frame,J'ai vu le cadre en bois,Ich sah den hölzenen Rahmen,Ho visto il telaio in legno,Ik zag het houten kader,Я увидел деревянную раму,Tôi đã thấy cái khung gỗ,我看見了木製框架,I saw the,J'ai vu le,Ich sah den,Ho visto il,Ik zag het,Я увидел,Tôi đã thấy cái,我看見了
green,vert,grünen,verde,groene,зелёный,xanh,绿意盎然的,garden,jardin,Garten,giardino,tuin,сад,vườn,花园,green garden,jardin vert,grünen Garten,giardino verde,groene tuin,зелёный сад,vườn xanh,绿意盎然的花园,I saw the green garden,J'ai vu le jardin vert,Ich sah den grünen Garten,Ho visto il giardino verde,Ik zag de groene tuin,Я увидел зелёный сад,Tôi đã thấy khu vườn xanh,我看見了绿意盎然的花园,I saw the,J'ai vu le,Ich sah den,Ho visto il,Ik zag de,Я увидел,Tôi đã thấy khu,我看見了
happy,heureuse,fröhliche,felice,gelukkige,счастливую,vui vẻ,快乐的,girl,fille,Mädchen,ragazza,meisje,девушку,cô gái,女孩,happy girl,fille heureuse,fröhliche Mädchen,ragazza felice,gelukkige meisje,счастливая девушка,cô gái vui vẻ,快乐的女孩,I saw the happy girl,J'ai vu la fille heureuse,Ich sah das fröhliche Mädchen,Ho visto la ragazza felice,Ik zag het gelukkige meisje,Я увидел счастливую девушку,Tôi đã thấy cô gái vui vẻ,我看見了快乐的女孩,I saw the,J'ai vu la,Ich sah das,Ho visto la,Ik zag het,Я увидел,Tôi đã thấy,我看見了
warm,chaud,warmen,caldo,warme,тёплую,ấm áp,温暖的,glove,gant,Handschuh,guanto,handschoen,перчатку,găng tay,手套,warm glove,gant chaud,warmen Handschuh,guanto caldo,warme handschoen,теплая перчатка,găng tay ấm áp,温暖的手套,I saw the warm glove,J'ai vu les gant chaud,Ich sah den warmen Handschuh,Ho visto il guanto caldo,Ik zag de warme handschoen,Я увидел тёплую перчатку,Tôi đã thấy đôi găng tay ấm áp,我看見了温暖的手套,I saw the,J'ai vu les,Ich sah den,Ho visto il,Ik zag de,Я увидел,Tôi đã thấy đôi,我看見了
white,blanche,weiße,bianca,witte,белую,trắng,白,goat,chèvre,Ziege,capra,geit,козу,dê,山羊,white goat,chèvre blanche,weiße Ziege,capra bianca,witte geit,белая коза,dê trắng,白山羊,I saw the white goat,J'ai vu la chèvre blanche,Ich sah die weiße Ziege,Ho visto la capra bianca,Ik zag de witte geit,Я увидел белую козу,Tôi đã thấy con dê trắng,我看見了白山羊,I saw the,J'ai vu la,Ich sah die,Ho visto la,Ik zag de,Я увидел,Tôi đã thấy con,我看見了
loaded,chargé,geladene,carica,geladen,заряженный,đã lên đạn,上膛的,gun,fusil,Waffe,pistola,geweer,пистолет,súng,枪,loaded gun,fusil chargé,geladene Waffe,pistola carica,geladen geweer,заряженный пистолет,súng đã lên đạn,上膛的枪,I saw the loaded gun,J'ai vu le fusil chargé,Ich sah die geladene Waffe,Ho visto la pistola carica,Ik zag het geladen geweer,Я увидел заряженный пистолет,Tôi đã thấy khẩu súng đã lên đạn,我看見了上膛的枪,I saw the,J'ai vu le,Ich sah die,Ho visto la,Ik zag het,Я увидел,Tôi đã thấy khẩu,我看見了
curly,bouclés,lockige,ricci,krullende,кудрявый,xoăn,卷,hair,cheveux,Haar,capelli,haar,волос,tóc,发,curly hair,cheveux bouclés,lockige Haar,capelli ricci,krullende haar,кудрявые волосы,tóc xoăn,卷发,I saw the curly hair,J'ai vu les cheveux bouclés,Ich sah das lockige Haar,Ho visto i capelli ricci,Ik zag het krullende haar,Я увидел кудрявый волос,Tôi đã thấy mái tóc xoăn,我看見了卷发,I saw the,J'ai vu les,Ich sah das,Ho visto i,Ik zag het,Я увидел,Tôi đã thấy mái,我看見了
heavy,lourd,schweren,pesante,zware,тяжёлый,nặng,重,hammer,marteau,Hammer,martello,hamer,молоток,búa,錘,heavy hammer,marteau lourd,schweren Hammer,martello pesante,zware hamer,тяжелый молоток,búa nặng,重錘,I saw the heavy hammer,J'ai vu le marteau lourd,Ich sah den schweren Hammer,Ho visto il martello pesante,Ik zag de zware hamer,Я увидел тяжёлый молоток,Tôi đã thấy cái búa nặng,我看見了重錘,I saw the,J'ai vu le,Ich sah den,Ho visto il,Ik zag de,Я увидел,Tôi đã thấy cái,我看見了
clean,propre,saubere,pulita,schone,чистую,sạch,潔淨之,hand,main,Hand,mano,hand,руку,tay,手,clean hand,main propre,saubere Hand,mano pulita,schone hand,чистая рука,tay sạch,潔淨之手,I saw the clean hand,J'ai vu les main propre,Ich sah die saubere Hand,Ho visto la mano pulita,Ik zag de schone hand,Я увидел чистую руку,Tôi đã thấy đôi tay sạch,我看見了潔淨之手,I saw the,J'ai vu les,Ich sah die,Ho visto la,Ik zag de,Я увидел,Tôi đã thấy đôi,我看見了
big,chapeau,großen,grande,grote,большую,rộng vành,宽檐,hat,grand,Hut,cappello,hoed,шляпу,mũ,帽,big hat,grand chapeau,großen Hut,cappello grande,grote hoed,большая шляпа,mũ rộng vành,宽檐帽,I saw the big hat,J'ai vu le grand chapeau,Ich sah den großen Hut,Ho visto il cappello grande,Ik zag de grote hoed,Я увидел большую шляпу,Tôi đã thấy cái mũ rộng vành,我看見了宽檐帽,I saw the,J'ai vu le,Ich sah den,Ho visto il,Ik zag de,Я увидел,Tôi đã thấy cái,我看見了
bald,chauve,kahlen,calva,kale,лысую,trọc,光,head,tête,Kopf,testa,kop,голову,đầu,头,bald head,tête chauve,kahlen Kopf,testa calva,kale kop,лысая голова,đầu trọc,光头,I saw the bald head,J'ai vu la tête chauve,Ich sah den kahlen Kopf,Ho visto la testa calva,Ik zag de kale kop,Я увидел лысую голову,Tôi đã thấy cái đầu trọc,我看見了光头,I saw the,J'ai vu la,Ich sah den,Ho visto la,Ik zag de,Я увидел,Tôi đã thấy cái,我看見了
kind,tendre,gütige,gentile,goede,доброе,nhân hậu,善良的,heart,cœur,Herz,cuore,hart,сердце,trái tim,心,kind heart,cœur tendre,gütige Herz,cuore gentile,goede hart,доброе сердце,trái tim nhân hậu,善良的心,I saw the kind heart,J'ai vu le cœur tendre,Ich sah das gütige Herz,Ho visto il cuore gentile,Ik zag het goede hart,Я увидел доброе сердце,Tôi đã thấy trái tim nhân hậu,我看見了善良的心,I saw the,J'ai vu le,Ich sah das,Ho visto il,Ik zag het,Я увидел,Tôi đã thấy,我看見了
sharp,acéré,scharfen,affilato,scherpe,острый,sắc,鋒利的,hook,crochet,Haken,uncino,haak,крюк,móc,鉤子,sharp hook,crochet acéré,scharfen Haken,uncino affilato,scherpe haak,острый крюк,móc sắc,鋒利的鉤子,I saw the sharp hook,J'ai vu le crochet acéré,Ich sah den scharfen Haken,Ho visto l'uncino affilato,Ik zag de scherpe haak,Я увидел острый крюк,Tôi đã thấy cái móc sắc,我看見了鋒利的鉤子,I saw the,J'ai vu le,Ich sah den,Ho visto l',Ik zag de,Я увидел,Tôi đã thấy cái,我看見了
loud,bruyant,laute,rumoroso,luide,громкий,to,响亮的,horn,klaxon,Horn,clacson,hoorn,рог,còi,喇叭,loud horn,klaxon bruyant,laute Horn,clacson rumoroso,luide hoorn,громкий рог,còi to,响亮的喇叭,I saw the loud horn,J'ai vu le klaxon bruyant,Ich sah das laute Horn,Ho visto il clacson rumoroso,Ik zag de luide hoorn,Я увидел громкий рог,Tôi đã thấy cái còi to,我看見了响亮的喇叭,I saw the,J'ai vu le,Ich sah das,Ho visto il,Ik zag de,Я увидел,Tôi đã thấy cái,我看見了
fast,rapide,schnelle,veloce,snelle,быструю,nhanh,疾驰的,horse,cheval,Pferd,cavallo,paard,лошадь,ngựa,骏马,fast horse,cheval rapide,schnelle Pferd,cavallo veloce,snelle paard,быстрая лошадь,ngựa nhanh,疾驰的骏马,I saw the fast horse,J'ai vu le cheval rapide,Ich sah das schnelle Pferd,Ho visto il cavallo veloce,Ik zag het snelle paard,Я увидел быструю лошадь,Tôi đã thấy con ngựa nhanh,我看見了疾驰的骏马,I saw the,J'ai vu le,Ich sah das,Ho visto il,Ik zag het,Я увидел,Tôi đã thấy con,我看見了
modern,moderne,moderne,moderno,moderne,современную,hiện đại,现代化的,hospital,hôpital,Krankenhaus,ospedale,ziekenhuis,больницу,bệnh viện,医院,modern hospital,hôpital moderne,moderne Krankenhaus,ospedale moderno,moderne ziekenhuis,современная больница,bệnh viện hiện đại,现代化的医院,I saw the modern hospital,J'ai vu l'hôpital moderne,Ich sah das moderne Krankenhaus,Ho visto l'ospedale moderno,Ik zag het moderne ziekenhuis,Я увидел современную больницу,Tôi đã thấy bệnh viện hiện đại,我看見了现代化的医院,I saw the,J'ai vu l',Ich sah das,Ho visto l',Ik zag het,Я увидел,Tôi đã thấy,我看見了
pink,rose,rosa,rosa,roze,розовый,màu hồng,粉红色的,house,maison,Haus,casa,huis,дом,ngôi nhà,房子,pink house,maison rose,rosa Haus,casa rosa,roze huis,розовый дом,ngôi nhà màu hồng,粉红色的房子,I saw the pink house,J'ai vu la maison rose,Ich sah das rosa Haus,Ho visto la casa rosa,Ik zag het roze huis,Я увидел розовый дом,Tôi đã thấy ngôi nhà màu hồng,我看見了粉红色的房子,I saw the,J'ai vu la,Ich sah das,Ho visto la,Ik zag het,Я увидел,Tôi đã thấy,我看見了
remote,isolée,abgelegene,remota,afgelegen,отдалённый,xa xôi,偏远的,island,île,Insel,isola,eiland,остров,đảo,岛屿,remote island,île isolée,abgelegene Insel,isola remota,afgelegen eiland,отдаленный остров,đảo xa xôi,偏远的岛屿,I saw the remote island,J'ai vu l'île isolée,Ich sah die abgelegene Insel,Ho visto l'isola remota,Ik zag het afgelegen eiland,Я увидел отдалённый остров,Tôi đã thấy hòn đảo xa xôi,我看見了偏远的岛屿,I saw the,J'ai vu l',Ich sah die,Ho visto l',Ik zag het,Я увидел,Tôi đã thấy hòn,我看見了
precious,précieux,kostbare,prezioso,kostbare,драгоценный,quý,珍貴的,jewel,bijou,Juwel,gioiello,juweel,камень,ngọc,寶石,precious jewel,bijou précieux,kostbare Juwel,gioiello prezioso,kostbare juweel,драгоценный камень,ngọc quý,珍貴的寶石,I saw the precious jewel,J'ai vu le bijou précieux,Ich sah das kostbare Juwel,Ho visto il gioiello prezioso,Ik zag het kostbare juweel,Я увидел драгоценный камень,Tôi đã thấy viên ngọc quý,我看見了珍貴的寶石,I saw the,J'ai vu le,Ich sah das,Ho visto il,Ik zag het,Я увидел,Tôi đã thấy viên,我看見了
boiling,bouillante,kochenden,bollente,kokende,кипящий,sôi,沸腾的,kettle,bouilloire,Kessel,bollitore,ketel,чайник,ấm,茶壶,boiling kettle,bouilloire bouillante,kochenden Kessel,bollitore bollente,kokende ketel,кипящий чайник,ấm sôi,沸腾的茶壶,I saw the boiling kettle,J'ai vu la bouilloire bouillante,Ich sah den kochenden Kessel,Ho visto il bollitore bollente,Ik zag de kokende ketel,Я увидел кипящий чайник,Tôi đã thấy cái ấm sôi,我看見了沸腾的茶壶,I saw the,J'ai vu la,Ich sah den,Ho visto il,Ik zag de,Я увидел,Tôi đã thấy cái,我看見了
golden,d'or,goldenen,d,gouden,золотую,vàng,金色的,key,clé,Schlüssel,chiave,sleutel,ключ,chìa khóa,钥匙,golden key,clé d'or,goldenen Schlüssel,chiave d'oro,gouden sleutel,золотой ключ,chìa khóa vàng,金色的钥匙,I saw the golden key,J'ai vu la clé d'or,Ich sah den goldenen Schlüssel,Ho visto la chiave d'oro,Ik zag de gouden sleutel,Я увидел золотую ключ,Tôi đã thấy chìa khóa vàng,我看見了金色的钥匙,I saw the,J'ai vu la,Ich sah den,Ho visto la,Ik zag de,Я увидел,Tôi đã thấy,我看見了
bent,plié,gekrümmte,piegato,gebogen,согнутое,cong,弯曲的,knee,genou,Knie,ginocchio,knie,колено,đầu gối,膝盖,bent knee,genou plié,gekrümmte Knie,ginocchio piegato,gebogen knie,согнутое колено,đầu gối cong,弯曲的膝盖,I saw the bent knee,J'ai vu le genou plié,Ich sah das gekrümmte Knie,Ho visto il ginocchio piegato,Ik zag de gebogen knie,Я увидел согнутое колено,Tôi đã thấy cái đầu gối cong,我看見了弯曲的膝盖,I saw the,J'ai vu le,Ich sah das,Ho visto il,Ik zag de,Я увидел,Tôi đã thấy cái,我看見了
sharp,acéré,scharfe,affilato,scherpe,острый,sắc,锋利的,knife,couteau,Messer,coltello,mes,нож,dao,刀刃,sharp knife,couteau acéré,scharfe Messer,coltello affilato,scherpe mes,острый нож,dao sắc,锋利的刀刃,I saw the sharp knife,J'ai vu le couteau acéré,Ich sah das scharfe Messer,Ho visto il coltello affilato,Ik zag het scherpe mes,Я увидел острый нож,Tôi đã thấy con dao sắc,我看見了锋利的刀刃,I saw the,J'ai vu le,Ich sah das,Ho visto il,Ik zag het,Я увидел,Tôi đã thấy con,我看見了
tight,serré,festen,stretto,strakke,крепкий,chặt,緊,knot,nœud,Knoten,nodo,knoop,узел,nút thắt,結,tight knot,nœud serré,festen Knoten,nodo stretto,strakke knoop,крепкий узел,nút thắt chặt,緊結,I saw the tight knot,J'ai vu le nœud serré,Ich sah den festen Knoten,Ho visto il nodo stretto,Ik zag de strakke knoop,Я увидел крепкий узел,Tôi đã thấy nút thắt chặt,我看見了緊結,I saw the,J'ai vu le,Ich sah den,Ho visto il,Ik zag de,Я увидел,Tôi đã thấy,我看見了
green,verte,grüne,verde,groene,зелёный,xanh,绿,leaf,feuille,Blatt,foglia,blad,лист,lá,叶,green leaf,feuille verte,grüne Blatt,foglia verde,groene blad,зеленый лист,lá xanh,绿叶,I saw the green leaf,J'ai vu la feuille verte,Ich sah das grüne Blatt,Ho visto la foglia verde,Ik zag het groene blad,Я увидел зелёный лист,Tôi đã thấy chiếc lá xanh,我看見了绿叶,I saw the,J'ai vu la,Ich sah das,Ho visto la,Ik zag het,Я увидел,Tôi đã thấy chiếc,我看見了
strong,forte,starke,forte,sterke,сильную,chắc,强健的,leg,jambe,Bein,gamba,been,ногу,chân,腿,strong leg,jambe forte,starke Bein,gamba forte,sterke been,сильная нога,chân chắc,强健的腿,I saw the strong leg,J'ai vu la jambe forte,Ich sah das starke Bein,Ho visto la gamba forte,Ik zag het sterke been,Я увидел сильную ногу,Tôi đã thấy đôi chân chắc,我看見了强健的腿,I saw the,J'ai vu la,Ich sah das,Ho visto la,Ik zag het,Я увидел,Tôi đã thấy đôi,我看見了
quiet,silencieuse,ruhige,silenziosa,stille,тихую,yên tĩnh,安静的,library,bibliothèque,Bibliothek,biblioteca,bibliotheek,библиотеку,thư viện,图书馆,quiet library,bibliothèque silencieuse,ruhige Bibliothek,biblioteca silenziosa,stille bibliotheek,тихая библиотека,thư viện yên tĩnh,安静的图书馆,I saw the quiet library,J'ai vu la bibliothèque silencieuse,Ich sah die ruhige Bibliothek,Ho visto la biblioteca silenziosa,Ik zag de stille bibliotheek,Я увидел тихую библиотеку,Tôi đã thấy thư viện yên tĩnh,我看見了安静的图书馆,I saw the,J'ai vu la,Ich sah die,Ho visto la,Ik zag de,Я увидел,Tôi đã thấy,我看見了
straight,droite,gerade,retta,rechte,прямую,thẳng,笔直的,line,ligne,Linie,linea,lijn,линию,đường,线条,straight line,ligne droite,gerade Linie,linea retta,rechte lijn,прямая линия,đường thẳng,笔直的线条,I saw the straight line,J'ai vu la ligne droite,Ich sah die gerade Linie,Ho visto la linea retta,Ik zag de rechte lijn,Я увидел прямую линию,Tôi đã thấy đường thẳng,我看見了笔直的线条,I saw the,J'ai vu la,Ich sah die,Ho visto la,Ik zag de,Я увидел,Tôi đã thấy,我看見了
red,rouge,rote,rosse,rode,красную,đỏ,红,lip,lèvre,Lippe,labbra,lip,губу,môi,唇,red lip,lèvre rouge,rote Lippe,labbra rosse,rode lip,красные губы,môi đỏ,红唇,I saw the red lip,J'ai vu la lèvre rouge,Ich sah die rote Lippe,Ho visto la labbra rosse,Ik zag de rode lip,Я увидел красную губу,Tôi đã thấy đôi môi đỏ,我看見了红唇,I saw the,J'ai vu la,Ich sah die,Ho visto la,Ik zag de,Я увидел,Tôi đã thấy đôi,我看見了
secure,sécurisée,sichere,sicura,veilige,надёжный,an toàn,安全的,lock,serrure,Schloss,serratura,slot,замок,khóa,锁,secure lock,serrure sécurisée,sichere Schloss,serratura sicura,veilige slot,надежный замок,khóa an toàn,安全的锁,I saw the secure lock,J'ai vu la serrure sécurisée,Ich sah das sichere Schloss,Ho visto la serratura sicura,Ik zag het veilige slot,Я увидел надёжный замок,Tôi đã thấy cái khóa an toàn,我看見了安全的锁,I saw the,J'ai vu la,Ich sah das,Ho visto la,Ik zag het,Я увидел,Tôi đã thấy cái,我看見了
detailed,détaillée,detaillierte,dettagliata,gedetailleerde,подробную,chi tiết,详细的,map,carte,Karte,mappa,kaart,карту,bản đồ,地图,detailed map,carte détaillée,detaillierte Karte,mappa dettagliata,gedetailleerde kaart,подробная карта,bản đồ chi tiết,详细的地图,I saw the detailed map,J'ai vu la carte détaillée,Ich sah die detaillierte Karte,Ho visto la mappa dettagliata,Ik zag de gedetailleerde kaart,Я увидел подробную карту,Tôi đã thấy bản đồ chi tiết,我看見了详细的地图,I saw the,J'ai vu la,Ich sah die,Ho visto la,Ik zag de,Я увидел,Tôi đã thấy,我看見了
lit,allumée,angezündete,acceso,aangestoken,зажжённую,cháy,点燃的,match,allumette,Streichholz,fiammifero,lucifer,спичку,que diêm,火柴,lit match,allumette allumée,angezündete Streichholz,fiammifero acceso,aangestoken lucifer,зажженная спичка,que diêm cháy,点燃的火柴,I saw the lit match,J'ai vu l'allumette allumée,Ich sah das angezündete Streichholz,Ho visto il fiammifero acceso,Ik zag de aangestoken lucifer,Я увидел зажжённую спичку,Tôi đã thấy que diêm cháy,我看見了点燃的火柴,I saw the,J'ai vu l',Ich sah das,Ho visto il,Ik zag de,Я увидел,Tôi đã thấy,我看見了
playful,joueur,verspielten,giocosa,speelse,игривую,nghịch ngợm,顽皮的,monkey,singe,Affe,scimmia,aap,обезьяну,khỉ,猴子,playful monkey,singe joueur,verspielten Affe,scimmia giocosa,speelse aap,игривая обезьяна,khỉ nghịch ngợm,顽皮的猴子,I saw the playful monkey,J'ai vu le singe joueur,Ich sah den verspielten Affe,Ho visto la scimmia giocosa,Ik zag de speelse aap,Я увидел игривую обезьяну,Tôi đã thấy con khỉ nghịch ngợm,我看見了顽皮的猴子,I saw the,J'ai vu le,Ich sah den,Ho visto la,Ik zag de,Я увидел,Tôi đã thấy con,我看見了
white,blanche,weißen,bianca,witte,белую,trắng,白,moon,lune,Mond,luna,maan,луну,trăng,月,white moon,lune blanche,weißen Mond,luna bianca,witte maan,белая луна,trăng trắng,白月,I saw the white moon,J'ai vu la lune blanche,Ich sah den weißen Mond,Ho visto la luna bianca,Ik zag de witte maan,Я увидел белую луну,Tôi đã thấy vầng trăng trắng,我看見了白月,I saw the,J'ai vu la,Ich sah den,Ho visto la,Ik zag de,Я увидел,Tôi đã thấy vầng,我看見了
cold,froide,kalten,fredda,koude,холодный,lạnh,冰冷的,mouth,bouche,Mund,bocca,mond,рот,miệng,嘴,cold mouth,bouche froide,kalten Mund,bocca fredda,koude mond,холодный рот,miệng lạnh,冰冷的嘴,I saw the cold mouth,J'ai vu la bouche froide,Ich sah den kalten Mund,Ho visto la bocca fredda,Ik zag de koude mond,Я увидел холодный рот,Tôi đã thấy cái miệng lạnh,我看見了冰冷的嘴,I saw the,J'ai vu la,Ich sah den,Ho visto la,Ik zag de,Я увидел,Tôi đã thấy cái,我看見了
strong,fort,starken,forte,sterke,сильную,mạnh mẽ,强健的,muscle,muscle,Muskel,muscolo,spier,мышцу,cơ bắp,肌肉,strong muscle,muscle fort,starken Muskel,muscolo forte,sterke spier,сильные мышцы,cơ bắp mạnh mẽ,强健的肌肉,I saw the strong muscle,J'ai vu le muscle fort,Ich sah den starken Muskel,Ho visto il muscolo forte,Ik zag de sterke spier,Я увидел сильную мышцу,Tôi đã thấy cơ bắp mạnh mẽ,我看見了强健的肌肉,I saw the,J'ai vu le,Ich sah den,Ho visto il,Ik zag de,Я увидел,Tôi đã thấy,我看見了
rusty,rouillé,rostigen,arrugginito,roestige,ржавый,gỉ,生锈的,nail,clou,Nagel,chiodo,spijker,гвоздь,đinh,钉子,rusty nail,clou rouillé,rostigen Nagel,chiodo arrugginito,roestige spijker,ржавый гвоздь,đinh gỉ,生锈的钉子,I saw the rusty nail,J'ai vu le clou rouillé,Ich sah den rostigen Nagel,Ho visto il chiodo arrugginito,Ik zag de roestige spijker,Я увидел ржавый гвоздь,Tôi đã thấy cái đinh gỉ,我看見了生锈的钉子,I saw the,J'ai vu le,Ich sah den,Ho visto il,Ik zag de,Я увидел,Tôi đã thấy cái,我看見了
red,rouge,roten,rosso,rode,красную,đỏ,红,neck,cou,Hals,collo,nek,шею,cổ,脖子,red neck,cou rouge,roten Hals,collo rosso,rode nek,красная шея,cổ đỏ,红脖子,I saw the red neck,J'ai vu le cou rouge,Ich sah den roten Hals,Ho visto il collo rosso,Ik zag de rode nek,Я увидел красную шею,Tôi đã thấy cái cổ đỏ,我看見了红脖子,I saw the,J'ai vu le,Ich sah den,Ho visto il,Ik zag de,Я увидел,Tôi đã thấy cái,我看見了
sharp,pointue,scharfe,affilato,scherpe,острую,nhọn,锋利的,needle,aiguille,Nadel,ago,naald,иглу,kim,针,sharp needle,aiguille pointue,scharfe Nadel,ago affilato,scherpe naald,острая игла,kim nhọn,锋利的针,I saw the sharp needle,J'ai vu l'aiguille pointue,Ich sah die scharfe Nadel,Ho visto l' ago affilato,Ik zag de scherpe naald,Я увидел острую иглу,Tôi đã thấy cái kim nhọn,我看見了锋利的针,I saw the,J'ai vu l',Ich sah die,Ho visto l',Ik zag de,Я увидел,Tôi đã thấy cái,我看見了
sensitive,sensible,empfindlichen,sensibile,gevoelige,чувствительный,nhạy cảm,敏感的,nerve,nerf,Nerv,nervo,zenuw,нерв,thần kinh,神经,sensitive nerve,nerf sensible,empfindlichen Nerv,nervo sensibile,gevoelige zenuw,чувствительный нерв,thần kinh nhạy cảm,敏感的神经,I saw the sensitive nerve,J'ai vu le nerf sensible,Ich sah den empfindlichen Nerv,Ho visto il nervo sensibile,Ik zag de gevoelige zenuw,Я увидел чувствительный нерв,Tôi đã thấy dây thần kinh nhạy cảm,我看見了敏感的神经,I saw the,J'ai vu le,Ich sah den,Ho visto il,Ik zag de,Я увидел,Tôi đã thấy dây,我看見了
sticky,collant,klebrige,adesiva,plakkerige,липкую,dính,黏性,net,filet,Netz,rete,net,сеть,lưới,網,sticky net,filet collant,klebrige Netz,rete adesiva,plakkerige net,липкая сеть,lưới dính,黏性網,I saw the sticky net,J'ai vu le filet collant,Ich sah das klebrige Netz,Ho visto la rete adesiva,Ik zag het plakkerige net,Я увидел липкую сеть,Tôi đã thấy tấm lưới dính,我看見了黏性網,I saw the,J'ai vu le,Ich sah das,Ho visto la,Ik zag het,Я увидел,Tôi đã thấy tấm,我看見了
round,rond,runde,tondo,ronde,круглый,tròn,圆,nose,nez,Nase,naso,neus,нос,mũi,鼻,round nose,nez rond,runde Nase,naso tondo,ronde neus,круглый нос,mũi tròn,圆鼻,I saw the round nose,J'ai vu le nez rond,Ich sah die runde Nase,Ho visto il naso tondo,Ik zag de ronde neus,Я увидел круглый нос,Tôi đã thấy cái mũi tròn,我看見了圆鼻,I saw the,J'ai vu le,Ich sah die,Ho visto il,Ik zag de,Я увидел,Tôi đã thấy cái,我看見了
hard,dure,harte,dura,harde,твёрдый,cứng,難纏的,nut,noix,Nuss,noce,noot,орех,hạt,傢伙,hard nut,noix dure,harte Nuss,noce dura,harde noot,твердый орех,hạt cứng,難纏的傢伙,I saw the hard nut,J'ai vu la noix dure,Ich sah die harte Nuss,Ho visto la noce dura,Ik zag de harde noot,Я увидел твёрдый орех,Tôi đã thấy hạt cứng,我看見了難纏的傢伙,I saw the,J'ai vu la,Ich sah die,Ho visto la,Ik zag de,Я увидел,Tôi đã thấy,我看見了
busy,occupé,geschäftige,affollato,drukke,оживлённый,bận rộn,繁忙的,office,bureau,Büro,ufficio,kantoor,офис,văn phòng,办公室,busy office,bureau occupé,geschäftige Büro,ufficio affollato,drukke kantoor,оживленный офис,văn phòng bận rộn,繁忙的办公室,I saw the busy office,J'ai vu le bureau occupé,Ich sah das geschäftige Büro,Ho visto l'ufficio affollato,Ik zag het drukke kantoor,Я увидел оживлённый офис,Tôi đã thấy văn phòng bận rộn,我看見了繁忙的办公室,I saw the,J'ai vu le,Ich sah das,Ho visto l',Ik zag het,Я увидел,Tôi đã thấy,我看見了
juicy,juteuse,saftige,succosa,sappige,сочный,ngọt ngào,多汁的,orange,orange,Orange,arancia,sinaasappel,апельсин,cam,橙子,juicy orange,orange juteuse,saftige Orange,arancia succosa,sappige sinaasappel,сочный апельсин,cam ngọt ngào,多汁的橙子,I saw the juicy orange,J'ai vu l'orange juteuse,Ich sah die saftige Orange,Ho visto l'arancia succosa,Ik zag de sappige sinaasappel,Я увидел сочный апельсин,Tôi đã thấy quả cam ngọt ngào,我看見了多汁的橙子,I saw the,J'ai vu l',Ich sah die,Ho visto l',Ik zag de,Я увидел,Tôi đã thấy quả,我看見了
hot,chaud,heißen,caldo,hete,горячую,nóng,熱,oven,four,Ofen,forno,oven,печь,lò nướng,烤箱,hot oven,four chaud,heißen Ofen,forno caldo,hete oven,горячая печь,lò nướng nóng,熱烤箱,I saw the hot oven,J'ai vu le four chaud,Ich sah den heißen Ofen,Ho visto il forno caldo,Ik zag de hete oven,Я увидел горячую печь,Tôi đã thấy cái lò nướng nóng,我看見了熱烤箱,I saw the,J'ai vu le,Ich sah den,Ho visto il,Ik zag de,Я увидел,Tôi đã thấy cái,我看見了
sealed,scellé,versiegelte,sigillato,verzegelde,запечатанную,niêm phong,密封,parcel,colis,Paket,pacco,pakket,посылку,gói hàng,包裹,sealed parcel,colis scellé,versiegelte Paket,pacco sigillato,verzegelde pakket,запечатанная посылка,gói hàng niêm phong,密封包裹,I saw the sealed parcel,J'ai vu le colis scellé,Ich sah das versiegelte Paket,Ho visto il pacco sigillato,Ik zag het verzegelde pakket,Я увидел запечатанную посылку,Tôi đã thấy gói hàng niêm phong,我看見了密封包裹,I saw the,J'ai vu le,Ich sah das,Ho visto il,Ik zag het,Я увидел,Tôi đã thấy,我看見了
blue,bleu,blauen,blu,blauwe,синюю,màu xanh,蓝色,pen,stylo,Stift,penna,pen,ручку,bút bi,钢笔,blue pen,stylo bleu,blauen Stift,penna blu,blauwe pen,синяя ручка,bút bi màu xanh,蓝色钢笔,I saw the blue pen,J'ai vu le stylo bleu,Ich sah den blauen Stift,Ho visto la penna blu,Ik zag de blauwe pen,Я увидел синюю ручку,Tôi đã thấy cái bút bi màu xanh,我看見了蓝色钢笔,I saw the,J'ai vu le,Ich sah den,Ho visto la,Ik zag de,Я увидел,Tôi đã thấy cái,我看見了
sharp,pointu,spitzen,appuntita,scherpe,острый,nhọn,尖銳的,pencil,crayon,Bleistift,matita,potlood,карандаш,bút chì,鉛筆,sharp pencil,crayon pointu,spitzen Bleistift,matita appuntita,scherpe potlood,острый карандаш,bút chì nhọn,尖銳的鉛筆,I saw the sharp pencil,J'ai vu le crayon pointu,Ich sah den spitzen Bleistift,Ho visto la matita appuntita,Ik zag het scherpe potlood,Я увидел острый карандаш,Tôi đã thấy cái bút chì nhọn,我看見了尖銳的鉛筆,I saw the,J'ai vu le,Ich sah den,Ho visto la,Ik zag het,Я увидел,Tôi đã thấy cái,我看見了
dark,sombre,dunkle,scura,donkere,мрачную,tối,黑暗,picture,image,Bild,immagine,foto,картину,hình ảnh,圖像,dark picture,image sombre,dunkle Bild,immagine scura,donkere foto,мрачная картина,hình ảnh tối,黑暗圖像,I saw the dark picture,J'ai vu l'image sombre,Ich sah das dunkle Bild,Ho visto l'immagine scura,Ik zag de donkere foto,Я увидел мрачную картину,Tôi đã thấy hình ảnh tối,我看見了黑暗圖像,I saw the,J'ai vu l',Ich sah das,Ho visto l',Ik zag de,Я увидел,Tôi đã thấy,我看見了
pink,rose,rosa,rosa,roze,розовую,hồng,粉紅,pig,cochon,Schwein,maiale,varken,свинью,lợn,豬,pink pig,cochon rose,rosa Schwein,maiale rosa,roze varken,розовая свинья,lợn hồng,粉紅豬,I saw the pink pig,J'ai vu le cochon rose,Ich sah das rosa Schwein,Ho visto la maiale rosa,Ik zag het roze varken,Я увидел розовую свинью,Tôi đã thấy con lợn hồng,我看見了粉紅豬,I saw the,J'ai vu le,Ich sah das,Ho visto la,Ik zag het,Я увидел,Tôi đã thấy con,我看見了
sharp,acérée,spitze,appuntito,scherpe,острую,nhọn,尖锐的,pin,épingle,Nadel,spillo,speld,булавку,kim,钉子,sharp pin,épingle acérée,spitze Nadel,spillo appuntito,scherpe speld,острая булавка,kim nhọn,尖锐的钉子,I saw the sharp pin,J'ai vu l'épingle acérée,Ich sah die spitze Nadel,Ho visto lo spillo appuntito,Ik zag de scherpe speld,Я увидел острую булавку,Tôi đã thấy cái kim nhọn,我看見了尖锐的钉子,I saw the,J'ai vu l',Ich sah die,Ho visto lo,Ik zag de,Я увидел,Tôi đã thấy cái,我看見了
broken,cassé,kaputte,rotto,gebroken,сломанную,bị vỡ,断裂的,pipe,tuyau,Rohr,tubo,pijp,трубу,ống,管道,broken pipe,tuyau cassé,kaputte Rohr,tubo rotto,gebroken pijp,сломанная труба,ống bị vỡ,断裂的管道,I saw the broken pipe,J'ai vu le tuyau cassé,Ich sah das kaputte Rohr,Ho visto il tubo rotto,Ik zag de gebroken pijp,Я увидел сломанную трубу,Tôi đã thấy cái ống bị vỡ,我看見了断裂的管道,I saw the,J'ai vu le,Ich sah das,Ho visto il,Ik zag de,Я увидел,Tôi đã thấy cái,我看見了
fast,rapide,schnelle,veloce,snelle,быстрый,nhanh,高速,plane,avion,Flugzeug,aereo,vliegtuig,самолёт,máy bay,飞机,fast plane,avion rapide,schnelle Flugzeug,aereo veloce,snelle vliegtuig,быстрый самолет,máy bay nhanh,高速飞机,I saw the fast plane,J'ai vu l'avion rapide,Ich sah das schnelle Flugzeug,Ho visto l'aereo veloce,Ik zag het snelle vliegtuig,Я увидел быстрый самолёт,Tôi đã thấy chiếc máy bay nhanh,我看見了高速飞机,I saw the,J'ai vu l',Ich sah das,Ho visto l',Ik zag het,Я увидел,Tôi đã thấy chiếc,我看見了
clean,propre,sauberen,pulito,schone,чистую,sạch,干净的,plate,assiette,Teller,piatto,bord,тарелку,đĩa,盘子,clean plate,assiette propre,sauberen Teller,piatto pulito,schone bord,чистая тарелка,đĩa sạch,干净的盘子,I saw the clean plate,J'ai vu l'assiette propre,Ich sah den sauberen Teller,Ho visto il piatto pulito,Ik zag het schone bord,Я увидел чистую тарелку,Tôi đã thấy cái đĩa sạch,我看見了干净的盘子,I saw the,J'ai vu l',Ich sah den,Ho visto il,Ik zag het,Я увидел,Tôi đã thấy cái,我看見了
rusty,rouillée,rostigen,arrugginito,roestige,ржавый,gỉ,生锈的,plough,charrue,Pflug,aratro,ploeg,плуг,cày,犁,rusty plough,charrue rouillée,rostigen Pflug,aratro arrugginito,roestige ploeg,ржавый плуг,cày gỉ,生锈的犁,I saw the rusty plough,J'ai vu la charrue rouillée,Ich sah den rostigen Pflug,Ho visto l'aratro arrugginito,Ik zag de roestige ploeg,Я увидел ржавый плуг,Tôi đã thấy cái cày gỉ,我看見了生锈的犁,I saw the,J'ai vu la,Ich sah den,Ho visto l',Ik zag de,Я увидел,Tôi đã thấy cái,我看見了
deep,profonde,tiefe,profonda,diepe,глубокий,sâu,深,pocket,poche,Tasche,tasca,zak,карман,túi,口袋,deep pocket,poche profonde,tiefe Tasche,tasca profonda,diepe zak,глубокий карман,túi sâu,深口袋,I saw the deep pocket,J'ai vu la poche profonde,Ich sah die tiefe Tasche,Ho visto la tasca profonda,Ik zag de diepe zak,Я увидел глубокий карман,Tôi đã thấy cái túi sâu,我看見了深口袋,I saw the,J'ai vu la,Ich sah die,Ho visto la,Ik zag de,Я увидел,Tôi đã thấy cái,我看見了
hot,chaud,heißen,calda,hete,горячий,nóng,热,pot,pot,Topf,pentola,pot,котёл,nồi,锅,hot pot,pot chaud,heißen Topf,pentola calda,hete pot,горячий котел,nồi nóng,热锅,I saw the hot pot,J'ai vu la pot chaud,Ich sah den heißen Topf,Ho visto la pentola calda,Ik zag de hete pot,Я увидел горячий котёл,Tôi đã thấy cái nồi nóng,我看見了热锅,I saw the,J'ai vu la,Ich sah den,Ho visto la,Ik zag de,Я увидел,Tôi đã thấy cái,我看見了
baked,cuite,gebackene,cotta,gebakken,печёный,nướng,烤,potato,pomme de terre,Kartoffel,patata,aardappel,картофель,khoai tây,土豆,baked potato,pomme de terre cuite,gebackene Kartoffel,patata cotta,gebakken aardappel,печеный картофель,khoai tây nướng,烤土豆,I saw the baked potato,J'ai vu la pomme de terre cuite,Ich sah die gebackene Kartoffel,Ho visto la patata cotta,Ik zag de gebakken aardappel,Я увидел печёный картофель,Tôi đã thấy củ khoai tây nướng,我看見了烤土豆,I saw the,J'ai vu la,Ich sah die,Ho visto la,Ik zag de,Я увидел,Tôi đã thấy củ,我看見了
crowded,bondée,überfüllte,affollata,overvolle,переполненную,đông đúc,拥挤的,prison,prison,Gefängnis,prigione,gevangenis,тюрьму,nhà tù,监狱,crowded prison,prison bondée,überfüllte Gefängnis,prigione affollata,overvolle gevangenis,переполненная тюрьма,nhà tù đông đúc,拥挤的监狱,I saw the crowded prison,J'ai vu la prison bondée,Ich sah das überfüllte Gefängnis,Ho visto il prigione affollata,Ik zag de overvolle gevangenis,Я увидел переполненную тюрьму,Tôi đã thấy nhà tù đông đúc,我看見了拥挤的监狱,I saw the,J'ai vu la,Ich sah das,Ho visto il,Ik zag de,Я увидел,Tôi đã thấy,我看見了
manual,manuelle,handbetriebene,manuale,handmatige,ручную,thủ công,手动,pump,pompe,Pumpe,pompa,pomp,насос,bơm,泵,manual pump,pompe manuelle,handbetriebene Pumpe,pompa manuale,handmatige pomp,ручной насос,bơm thủ công,手动泵,I saw the manual pump,J'ai vu la pompe manuelle,Ich sah die handbetriebene Pumpe,Ho visto la pompa manuale,Ik zag de handmatige pomp,Я увидел ручную насос,Tôi đã thấy cái bơm thủ công,我看見了手动泵,I saw the,J'ai vu la,Ich sah die,Ho visto la,Ik zag de,Я увидел,Tôi đã thấy cái,我看見了
metal,métallique,metallene,metallico,metalen,металлическую,kim loại,金属,rail,rail,Scheine,binario,rail,рельс,ray,轨道,metal rail,rail métallique,metallene Scheine,binario metallico,metalen rail,металлическая рельса,ray kim loại,金属轨道,I saw the metal rail,J'ai vu le rail métallique,Ich sah die metallene Scheine,Ho visto il binario metallico,Ik zag de metalen rail,Я увидел металлическую рельс,Tôi đã thấy thanh ray kim loại,我看見了金属轨道,I saw the,J'ai vu le,Ich sah die,Ho visto il,Ik zag de,Я увидел,Tôi đã thấy thanh,我看見了
dirty,sale,schmutzige,sporco,vuile,грязную,bẩn,肮脏的,rat,rat,Ratte,topo,rat,крысу,chuột,老鼠,dirty rat,rat sale,schmutzige Ratte,topo sporco,vuile rat,грязная крыса,chuột bẩn,肮脏的老鼠,I saw the dirty rat,J'ai vu le rat sale,Ich sah die schmutzige Ratte,Ho visto il topo sporco,Ik zag de vuile rat,Я увидел грязную крысу,Tôi đã thấy con chuột bẩn,我看見了肮脏的老鼠,I saw the,J'ai vu le,Ich sah die,Ho visto il,Ik zag de,Я увидел,Tôi đã thấy con,我看見了
thin,mince,dünnen,sottile,dunne,тонкий,nhỏ,薄型,receipt,reçu,Beleg,scontrino,bon,чек,phiếu thu,收據,thin receipt,reçu mince,dünnen Beleg,scontrino sottile,dunne bon,тонкий чек,phiếu thu nhỏ,薄型收據,I saw the thin receipt,J'ai vu le reçu mince,Ich sah den dünnen Beleg,Ho visto lo scontrino sottile,Ik zag de dunne bon,Я увидел тонкий чек,Tôi đã thấy tờ phiếu thu nhỏ,我看見了薄型收據,I saw the,J'ai vu le,Ich sah den,Ho visto lo,Ik zag de,Я увидел,Tôi đã thấy tờ,我看見了
gold,d'or,goldenen,d,gouden,золотое,vàng,金,ring,anneau,Ring,anello,ring,кольцо,nhẫn,戒指,gold ring,anneau d'or,goldenen Ring,anello d'oro,gouden ring,золотое кольцо,nhẫn vàng,金戒指,I saw the gold ring,J'ai vu la anneau d'or,Ich sah den goldenen Ring,Ho visto l'anello d'oro,Ik zag de gouden ring,Я увидел золотое кольцо,Tôi đã thấy chiếc nhẫn vàng,我看見了金戒指,I saw the,J'ai vu la,Ich sah den,Ho visto l',Ik zag de,Я увидел,Tôi đã thấy chiếc,我看見了
thin,fine,dünnen,sottile,dunne,тонкий,mỏng,细长,rod,tige,Stab,asta,staaf,стержень,que,杆,thin rod,tige fine,dünnen Stab,asta sottile,dunne staaf,тонкий стержень,que mỏng,细长杆,I saw the thin rod,J'ai vu la tige fine,Ich sah den dünnen Stab,Ho visto l'asta sottile,Ik zag de dunne staaf,Я увидел тонкий стержень,Tôi đã thấy cái que mỏng,我看見了细长杆,I saw the,J'ai vu la,Ich sah den,Ho visto l',Ik zag de,Я увидел,Tôi đã thấy cái,我看見了
tiled,carrelé,ziegelgedeckte,di,pannen,черепичную,lợp ngói,瓦片,roof,toit,Dach,tetto,dak,крышу,mái,屋顶,tiled roof,toit carrelé,ziegelgedeckte Dach,tetto di tegole,pannen dak,черепичная крыша,mái lợp ngói,瓦片屋顶,I saw the tiled roof,J'ai vu le toit carrelé,Ich sah das ziegelgedeckte Dach,Ho visto il tetto di tegole,Ik zag het pannen dak,Я увидел черепичную крышу,Tôi đã thấy mái lợp ngói,我看見了瓦片屋顶,I saw the,J'ai vu le,Ich sah das,Ho visto il,Ik zag het,Я увидел,Tôi đã thấy,我看見了
deep,profonde,tiefe,profonda,diepe,глубокий,sâu,深植,root,racine,Wurzel,radice,wortel,корень,rễ,根,deep root,racine profonde,tiefe Wurzel,radice profonda,diepe wortel,глубокий корень,rễ sâu,深植根,I saw the deep root,J'ai vu la racine profonde,Ich sah die tiefe Wurzel,Ho visto la radice profonda,Ik zag de diepe wortel,Я увидел глубокий корень,Tôi đã thấy rễ sâu,我看見了深植根,I saw the,J'ai vu la,Ich sah die,Ho visto la,Ik zag de,Я увидел,Tôi đã thấy,我看見了
white,blanche,weiße,bianca,witte,белый,trắng,白,sail,voile,Segel,vela,zeil,парус,cánh buồm,帆,white sail,voile blanche,weiße Segel,vela bianca,witte zeil,белый парус,cánh buồm trắng,白帆,I saw the white sail,J'ai vu la voile blanche,Ich sah das weiße Segel,Ho visto la vela bianca,Ik zag het witte zeil,Я увидел белый парус,Tôi đã thấy cánh buồm trắng,我看見了白帆,I saw the,J'ai vu la,Ich sah das,Ho visto la,Ik zag het,Я увидел,Tôi đã thấy,我看見了
important,école,große,importante,belangrijke,большую,quan trọng,重要,school,grande,Schule,scuola,school,школу,trường học,學校,important school,école importante,große Schule,scuola importante,belangrijke school,большая школа,trường học quan trọng,重要學校,I saw the important school,J'ai vu l'école importante,Ich sah die große Schule,Ho visto la scuola importante,Ik zag de belangrijke school,Я увидел большую школу,Tôi đã thấy trường học quan trọng,我看見了重要學校,I saw the,J'ai vu l',Ich sah die,Ho visto la,Ik zag de,Я увидел,Tôi đã thấy,我看見了
sharp,acérés,scharfe,affilate,scherpe,острые,sắc,鋒利的,scissors,ciseaux,Schere,forbici,schaar,ножницы,kéo,剪刀,sharp scissors,ciseaux acérés,scharfe Schere,forbici affilate,scherpe schaar,острые ножницы,kéo sắc,鋒利的剪刀,I saw the sharp scissors,J'ai vu les ciseaux acérés,Ich sah die scharfe Schere,Ho visto i forbici affilate,Ik zag de scherpe schaar,Я увидел острые ножницы,Tôi đã thấy cái kéo sắc,我看見了鋒利的剪刀,I saw the,J'ai vu les,Ich sah die,Ho visto i,Ik zag de,Я увидел,Tôi đã thấy cái,我看見了
loose,desserrée,lose,allentata,losse,ослабленный,lỏng,松动的,screw,vis,Schraube,vite,schroef,винт,ốc vít,螺丝,loose screw,vis desserrée,lose Schraube,vite allentata,losse schroef,ослабленный винт,ốc vít lỏng,松动的螺丝,I saw the loose screw,J'ai vu la vis desserrée,Ich sah die lose Schraube,Ho visto la vite allentata,Ik zag de losse schroef,Я увидел ослабленный винт,Tôi đã thấy cái ốc vít lỏng,我看見了松动的螺丝,I saw the,J'ai vu la,Ich sah die,Ho visto la,Ik zag de,Я увидел,Tôi đã thấy cái,我看見了
green,verte,grünen,verde,groene,зелёное,xanh,绿色的,seed,graine,Samen,seme,zaadje,семя,hạt giống,种子,green seed,graine verte,grünen Samen,seme verde,groene zaadje,зеленое семя,hạt giống xanh,绿色的种子,I saw the green seed,J'ai vu la graine verte,Ich sah den grünen Samen,Ho visto il seme verde,Ik zag het groene zaadje,Я увидел зелёное семя,Tôi đã thấy hạt giống xanh,我看見了绿色的种子,I saw the,J'ai vu la,Ich sah den,Ho visto il,Ik zag het,Я увидел,Tôi đã thấy,我看見了
white,blanc,weiße,bianca,witte,белую,trắng,白色的,sheep,mouton,Schaf,pecora,schaap,овцу,cừu,绵羊,white sheep,mouton blanc,weiße Schaf,pecora bianca,witte schaap,белая овца,cừu trắng,白色的绵羊,I saw the white sheep,J'ai vu le mouton blanc,Ich sah das weiße Schaf,Ho visto la pecora bianca,Ik zag het witte schaap,Я увидел белую овцу,Tôi đã thấy con cừu trắng,我看見了白色的绵羊,I saw the,J'ai vu le,Ich sah das,Ho visto la,Ik zag het,Я увидел,Tôi đã thấy con,我看見了
high,haute,hohe,alto,hoge,высокую,cao,高高的,shelf,étagère,Regal,ripiano,plank,полку,kệ,架子,high shelf,étagère haute,hohe Regal,ripiano alto,hoge plank,высокая полка,kệ cao,高高的架子,I saw the high shelf,J'ai vu l'étagère haute,Ich sah das hohe Regal,Ho visto il ripiano alto,Ik zag de hoge plank,Я увидел высокую полку,Tôi đã thấy cái kệ cao,我看見了高高的架子,I saw the,J'ai vu l',Ich sah das,Ho visto il,Ik zag de,Я увидел,Tôi đã thấy cái,我看見了
wooden,en bois,hölzerne,di,houten,деревянный,gỗ,木头做的,ship,bateau,Schiff,nave,schip,корабль,tàu,船,wooden ship,bateau en bois,hölzerne Schiff,nave di legno,houten schip,деревянный корабль,tàu gỗ,木头做的船,I saw the wooden ship,J'ai vu le bateau en bois,Ich sah das hölzerne Schiff,Ho visto la nave di legno,Ik zag het houten schip,Я увидел деревянный корабль,Tôi đã thấy con tàu gỗ,我看見了木头做的船,I saw the,J'ai vu le,Ich sah das,Ho visto la,Ik zag het,Я увидел,Tôi đã thấy con,我看見了
clean,propre,saubere,pulita,schone,чистую,sạch,干净的,shirt,chemise,Hemd,camicia,shirt,рубашку,áo sơ mi,衬衫,clean shirt,chemise propre,saubere Hemd,camicia pulita,schone shirt,чистая рубашка,áo sơ mi sạch,干净的衬衫,I saw the clean shirt,J'ai vu la chemise propre,Ich sah das saubere Hemd,Ho visto la camicia pulita,Ik zag het schone shirt,Я увидел чистую рубашку,Tôi đã thấy cái áo sơ mi sạch,我看見了干净的衬衫,I saw the,J'ai vu la,Ich sah das,Ho visto la,Ik zag het,Я увидел,Tôi đã thấy cái,我看見了
worn,usée,abgetragenen,consumata,versleten,изношенную,cũ,穿旧的,shoe,chaussure,Schuh,scarpa,schoen,обувь,giày,鞋子,worn shoe,chaussure usée,abgetragenen Schuh,scarpa consumata,versleten schoen,изношенная обувь,giày cũ,穿旧的鞋子,I saw the worn shoe,J'ai vu la chaussure usée,Ich sah den abgetragenen Schuh,Ho visto la scarpa consumata,Ik zag de versleten schoen,Я увидел изношенную обувь,Tôi đã thấy đôi giày cũ,我看見了穿旧的鞋子,I saw the,J'ai vu la,Ich sah den,Ho visto la,Ik zag de,Я увидел,Tôi đã thấy đôi,我看見了
smooth,lisse,glatte,liscia,gladde,гладкую,mịn,光滑的,skin,peau,Haut,pelle,huid,кожу,da,皮肤,smooth skin,peau lisse,glatte Haut,pelle liscia,gladde huid,гладкая кожа,da mịn,光滑的皮肤,I saw the smooth skin,J'ai vu la peau lisse,Ich sah die glatte Haut,Ho visto la pelle liscia,Ik zag de gladde huid,Я увидел гладкую кожу,Tôi đã thấy làn da mịn,我看見了光滑的皮肤,I saw the,J'ai vu la,Ich sah die,Ho visto la,Ik zag de,Я увидел,Tôi đã thấy làn,我看見了
short,courte,kurzen,corta,korte,короткую,ngắn,短,skirt,jupe,Rock,gonna,rok,юбку,váy,裙,short skirt,jupe courte,kurzen Rock,gonna corta,korte rok,короткая юбка,váy ngắn,短裙,I saw the short skirt,J'ai vu la jupe courte,Ich sah den kurzen Rock,Ho visto la gonna corta,Ik zag de korte rok,Я увидел короткую юбку,Tôi đã thấy chiếc váy ngắn,我看見了短裙,I saw the,J'ai vu la,Ich sah den,Ho visto la,Ik zag de,Я увидел,Tôi đã thấy chiếc,我看見了
poisonous,venimeux,giftige,velenoso,giftige,ядовитую,độc,毒,snake,serpent,Schlange,serpente,slang,змею,rắn,蛇,poisonous snake,serpent venimeux,giftige Schlange,serpente velenoso,giftige slang,ядовитая змея,rắn độc,毒蛇,I saw the poisonous snake,J'ai vu le serpent venimeux,Ich sah die giftige Schlange,Ho visto il serpente velenoso,Ik zag de giftige slang,Я увидел ядовитую змею,Tôi đã thấy con rắn độc,我看見了毒蛇,I saw the,J'ai vu le,Ich sah die,Ho visto il,Ik zag de,Я увидел,Tôi đã thấy con,我看見了
dirty,sale,schmutzige,sporco,vuile,грязный,bẩn,髒,sock,chaussette,Socke,calzino,sok,носки,vớ,襪子,dirty sock,chaussette sale,schmutzige Socke,calzino sporco,vuile sok,грязный носок,vớ bẩn,髒襪子,I saw the dirty sock,J'ai vu la chaussette sale,Ich sah die schmutzige Socke,Ho visto il calzino sporco,Ik zag de vuile sok,Я увидел грязный носки,Tôi đã thấy đôi vớ bẩn,我看見了髒襪子,I saw the,J'ai vu la,Ich sah die,Ho visto il,Ik zag de,Я увидел,Tôi đã thấy đôi,我看見了
metal,en métal,metallene,di,metalen,металлическую,kim loại,金属,spade,bêche,Schaufel,vanga,spade,лопату,xẻng,铲,metal spade,bêche en métal,metallene Schaufel,vanga di metallo,metalen spade,металлическая лопата,xẻng kim loại,金属铲,I saw the metal spade,J'ai vu la bêche en métal,Ich sah die metallene Schaufel,Ho visto la vanga di metallo,Ik zag de metalen spade,Я увидел металлическую лопату,Tôi đã thấy cái xẻng kim loại,我看見了金属铲,I saw the,J'ai vu la,Ich sah die,Ho visto la,Ik zag de,Я увидел,Tôi đã thấy cái,我看見了
wet,humide,feuchten,bagnata,natte,мокрую,ướt,湿,sponge,éponge,Schwamm,spugna,spons,губку,bọt biển,海绵,wet sponge,éponge humide,feuchten Schwamm,spugna bagnata,natte spons,мокрая губка,bọt biển ướt,湿海绵,I saw the wet sponge,J'ai vu l'éponge humide,Ich sah den feuchten Schwamm,Ho visto la spugna bagnata,Ik zag de natte spons,Я увидел мокрую губку,Tôi đã thấy miếng bọt biển ướt,我看見了湿海绵,I saw the,J'ai vu l',Ich sah den,Ho visto la,Ik zag de,Я увидел,Tôi đã thấy miếng,我看見了
silver,en argent,silbernen,d,zilveren,серебряную,bạc,银,spoon,cuillère,Löffel,cucchiaio,lepel,ложку,thìa,勺,silver spoon,cuillère en argent,silbernen Löffel,cucchiaio d'argento,zilveren lepel,серебряная ложка,thìa bạc,银勺,I saw the silver spoon,J'ai vu la cuillère en argent,Ich sah den silbernen Löffel,Ho visto il cucchiaio d'argento,Ik zag de zilveren lepel,Я увидел серебряную ложку,Tôi đã thấy cái thìa bạc,我看見了银勺,I saw the,J'ai vu la,Ich sah den,Ho visto il,Ik zag de,Я увидел,Tôi đã thấy cái,我看見了
warm,chaud,warme,calda,warme,тёплый,ấm áp,暖,spring,printemps,Quelle,primavera,bron,источник,mùa xuân,春,warm spring,printemps chaud,warme Quelle,primavera calda,warme bron,теплый источник,mùa xuân ấm áp,暖春,I saw the warm spring,J'ai vu le printemps chaud,Ich sah die warme Quelle,Ho visto la primavera calda,Ik zag de warme bron,Я увидел тёплый источник,Tôi đã thấy mùa xuân ấm áp,我看見了暖春,I saw the,J'ai vu le,Ich sah die,Ho visto la,Ik zag de,Я увидел,Tôi đã thấy,我看見了
central,centrale,zentralen,centrale,centrale,центральную,trung tâm,中央,square,place,Platz,piazza,plein,площадь,quảng trường,廣場,central square,place centrale,zentralen Platz,piazza centrale,centrale plein,центральная площадь,quảng trường trung tâm,中央廣場,I saw the central square,J'ai vu la place centrale,Ich sah den zentralen Platz,Ho visto la piazza centrale,Ik zag het centrale plein,Я увидел центральную площадь,Tôi đã thấy quảng trường trung tâm,我看見了中央廣場,I saw the,J'ai vu la,Ich sah den,Ho visto la,Ik zag het,Я увидел,Tôi đã thấy,我看見了
used,utilisé,gebrauchte,usato,gebruikte,использованную,đã sử dụng,用过的,stamp,timbre,Briefmarke,francobollo,postzegel,марка,tem,邮票,used stamp,timbre utilisé,gebrauchte Briefmarke,francobollo usato,gebruikte postzegel,использованная марка,tem đã sử dụng,用过的邮票,I saw the used stamp,J'ai vu le timbre utilisé,Ich sah die gebrauchte Briefmarke,Ho visto il francobollo usato,Ik zag de gebruikte postzegel,Я увидел использованную марка,Tôi đã thấy con tem đã sử dụng,我看見了用过的邮票,I saw the,J'ai vu le,Ich sah die,Ho visto il,Ik zag de,Я увидел,Tôi đã thấy con,我看見了
bright,brillante,hellen,luminosa,heldere,яркую,sáng,明亮的,star,étoile,Stern,stella,ster,звезду,ngôi sao,星,bright star,étoile brillante,hellen Stern,stella luminosa,heldere ster,яркая звезда,ngôi sao sáng,明亮的星,I saw the bright star,J'ai vu l'étoile brillante,Ich sah den hellen Stern,Ho visto la stella luminosa,Ik zag de heldere ster,Я увидел яркую звезду,Tôi đã thấy ngôi sao sáng,我看見了明亮的星,I saw the,J'ai vu l',Ich sah den,Ho visto la,Ik zag de,Я увидел,Tôi đã thấy,我看見了
busy,occupée,belebten,affollata,drukke,оживлённую,nhộn nhịp,繁忙的,station,gare,Bahnhof,stazione,station,станцию,ga xe buýt,车站,busy station,gare occupée,belebten Bahnhof,stazione affollata,drukke station,оживленная станция,ga xe buýt nhộn nhịp,繁忙的车站,I saw the busy station,J'ai vu la gare occupée,Ich sah den belebten Bahnhof,Ho visto la stazione affollata,Ik zag het drukke station,Я увидел оживлённую станцию,Tôi đã thấy ga xe buýt nhộn nhịp,我看見了繁忙的车站,I saw the,J'ai vu la,Ich sah den,Ho visto la,Ik zag het,Я увидел,Tôi đã thấy,我看見了
green,verte,grünen,verde,groene,зелёный,xanh,绿色的,stem,tige,Stiel,gambo,stengel,стебель,cành,茎,green stem,tige verte,grünen Stiel,gambo verde,groene stengel,зеленый стебель,cành xanh,绿色的茎,I saw the green stem,J'ai vu la tige verte,Ich sah den grünen Stiel,Ho visto il gambo verde,Ik zag de groene stengel,Я увидел зелёный стебель,Tôi đã thấy cành xanh,我看見了绿色的茎,I saw the,J'ai vu la,Ich sah den,Ho visto il,Ik zag de,Я увидел,Tôi đã thấy,我看見了
dry,sec,trockenen,secco,droge,сухую,khô,乾枯的,stick,bâton,Stock,bastone,stok,палку,cây,樹枝,dry stick,bâton sec,trockenen Stock,bastone secco,droge stok,сухая палка,cây khô,乾枯的樹枝,I saw the dry stick,J'ai vu le bâton sec,Ich sah den trockenen Stock,Ho visto il bastone secco,Ik zag de droge stok,Я увидел сухую палку,Tôi đã thấy cây khô,我看見了乾枯的樹枝,I saw the,J'ai vu le,Ich sah den,Ho visto il,Ik zag de,Я увидел,Tôi đã thấy,我看見了
black,noir,schwarzen,nera,zwarte,чёрный,đen,黑,stocking,bas,Strumpf,calza,kous,чулки,vớ,丝袜,black stocking,bas noir,schwarzen Strumpf,calza nera,zwarte kous,черный чулок,vớ đen,黑丝袜,I saw the black stocking,J'ai vu le bas noir,Ich sah den schwarzen Strumpf,Ho visto la calza nera,Ik zag de zwarte kous,Я увидел чёрный чулки,Tôi đã thấy đôi vớ đen,我看見了黑丝袜,I saw the,J'ai vu le,Ich sah den,Ho visto la,Ik zag de,Я увидел,Tôi đã thấy đôi,我看見了
local,local,lokalen,locale,plaatselijke,местный,địa phương,本地,store,magasin,Laden,negozio,winkel,магазин,cửa hàng,商店,local store,magasin local,lokalen Laden,negozio locale,plaatselijke winkel,местный магазин,cửa hàng địa phương,本地商店,I saw the local store,J'ai vu le magasin local,Ich sah den lokalen Laden,Ho visto il negozio locale,Ik zag de plaatselijke winkel,Я увидел местный магазин,Tôi đã thấy cửa hàng địa phương,我看見了本地商店,I saw the,J'ai vu le,Ich sah den,Ho visto il,Ik zag de,Я увидел,Tôi đã thấy,我看見了
quiet,tranquille,ruhige,tranquilla,rustige,тихую,yên tĩnh,寧靜的,street,rue,Straße,strada,straat,улицу,đường,街道,quiet street,rue tranquille,ruhige Straße,strada tranquilla,rustige straat,тихая улица,đường yên tĩnh,寧靜的街道,I saw the quiet street,J'ai vu la rue tranquille,Ich sah die ruhige Straße,Ho visto la strada tranquilla,Ik zag de rustige straat,Я увидел тихую улицу,Tôi đã thấy con đường yên tĩnh,我看見了寧靜的街道,I saw the,J'ai vu la,Ich sah die,Ho visto la,Ik zag de,Я увидел,Tôi đã thấy con,我看見了
hot,chaud,heiße,caldo,hete,жаркое,chói chang,烈,sun,soleil,Sonne,sole,zon,солнце,mặt trời,太阳,hot sun,soleil chaud,heiße Sonne,sole caldo,hete zon,жаркое солнце,Mặt trời chói chang,烈太阳,I saw the hot sun,J'ai vu le soleil chaud,Ich sah die heiße Sonne,Ho visto il sole caldo,Ik zag de hete zon,Я увидел жаркое солнце,Tôi đã thấy mặt trời chói chang,我看見了烈太阳,I saw the,J'ai vu le,Ich sah die,Ho visto il,Ik zag de,Я увидел,Tôi đã thấy mặt trời chói chang,我看見了
round,ronde,runden,rotondo,ronde,круглый,tròn,圆,table,table,Tisch,tavolo,tafel,стол,bàn,桌,round table,table ronde,runden Tisch,tavolo rotondo,ronde tafel,круглый стол,bàn tròn,圆桌,I saw the round table,J'ai vu la table ronde,Ich sah den runden Tisch,Ho visto il tavolo rotondo,Ik zag de ronde tafel,Я увидел круглый стол,Tôi đã thấy cái bàn tròn,我看見了圆桌,I saw the,J'ai vu la,Ich sah den,Ho visto il,Ik zag de,Я увидел,Tôi đã thấy cái,我看見了
fluffy,duveteuse,flauschigen,soffice,pluizige,пушистый,mềm mại,蓬鬆的,tail,queue,Schwanz,coda,staart,хвост,đuôi,尾巴,fluffy tail,queue duveteuse,flauschigen Schwanz,coda soffice,pluizige staart,пушистый хвост,đuôi mềm mại,蓬鬆的尾巴,I saw the fluffy tail,J'ai vu la queue duveteuse,Ich sah den flauschigen Schwanz,Ho visto la coda soffice,Ik zag de pluizige staart,Я увидел пушистый хвост,Tôi đã thấy cái đuôi mềm mại,我看見了蓬鬆的尾巴,I saw the,J'ai vu la,Ich sah den,Ho visto la,Ik zag de,Я увидел,Tôi đã thấy cái,我看見了
thin,fin,dünnen,sottile,dunne,тонкую,mảnh,細,thread,fil,Faden,filo,draad,нить,sợi chỉ,線,thin thread,fil fin,dünnen Faden,filo sottile,dunne draad,тонкая нить,sợi chỉ mảnh,細線,I saw the thin thread,J'ai vu le fil fin,Ich sah den dünnen Faden,Ho visto il filo sottile,Ik zag de dunne draad,Я увидел тонкую нить,Tôi đã thấy sợi chỉ mảnh,我看見了細線,I saw the,J'ai vu le,Ich sah den,Ho visto il,Ik zag de,Я увидел,Tôi đã thấy,我看見了
red,rouge,rote,rossa,rode,красное,đỏ,红,throat,gorge,Kehle,gola,keel,горло,họng,喉咙,red throat,gorge rouge,rote Kehle,gola rossa,rode keel,красное горло,họng đỏ,红喉咙,I saw the red throat,J'ai vu la gorge rouge,Ich sah die rote Kehle,Ho visto la gola rossa,Ik zag de rode keel,Я увидел красное горло,Tôi đã thấy cái họng đỏ,我看見了红喉咙,I saw the,J'ai vu la,Ich sah die,Ho visto la,Ik zag de,Я увидел,Tôi đã thấy cái,我看見了
beige,beige,beigen,beige,beige,бежевого,màu be,米色,thumb,pouce,Daumen,pollice,duim,большой пальца,ngón tay,拇指,beige thumb,pouce beige,beigen Daumen,pollice beige,beige duim,бежевый большой палец,ngón tay màu be,米色拇指,I saw the beige thumb,J'ai vu le pouce beige,Ich sah den beigen Daumen,Ho visto il pollice beige,Ik zag de beige duim,Я увидел бежевого большой пальца,Tôi đã thấy ngón tay màu be,我看見了米色拇指,I saw the,J'ai vu le,Ich sah den,Ho visto il,Ik zag de,Я увидел,Tôi đã thấy,我看見了
valid,valide,gültige,valido,geldige,действительный,hợp lệ,有效,ticket,ticket,Ticket,biglietto,ticket,билет,vé,车票,valid ticket,ticket valide,gültige Ticket,biglietto valido,geldige ticket,действительный билет,vé hợp lệ,有效车票,I saw the valid ticket,J'ai vu le ticket valide,Ich sah das gültige Ticket,Ho visto il biglietto valido,Ik zag het geldige ticket,Я увидел действительный билет,Tôi đã thấy tấm vé hợp lệ,我看見了有效车票,I saw the,J'ai vu le,Ich sah das,Ho visto il,Ik zag het,Я увидел,Tôi đã thấy tấm,我看見了
short,court,kurze,corte,korte,короткий,ngắn,短,toe,orteil,Zehe,dita,teen,палец,ngón chân,脚趾,short toe,orteil court,kurze Zehe,dita corte,korte teen,короткий палец,ngón chân ngắn,短脚趾,I saw the short toe,J'ai vu le orteil court,Ich sah die kurze Zehe,Ho visto la dita corte,Ik zag de korte teen,Я увидел короткий палец,Tôi đã thấy ngón chân ngắn,我看見了短脚趾,I saw the,J'ai vu le,Ich sah die,Ho visto la,Ik zag de,Я увидел,Tôi đã thấy,我看見了
wet,mouillée,feuchte,bagnata,natte,мокрый,ướt,湿,tongue,langue,Zunge,lingua,tong,язык,lưỡi,舌头,wet tongue,langue mouillée,feuchte Zunge,lingua bagnata,natte tong,мокрый язык,lưỡi ướt,湿舌头,I saw the wet tongue,J'ai vu la langue mouillée,Ich sah die feuchte Zunge,Ho visto la lingua bagnata,Ik zag de natte tong,Я увидел мокрый язык,Tôi đã thấy cái lưỡi ướt,我看見了湿舌头,I saw the,J'ai vu la,Ich sah die,Ho visto la,Ik zag de,Я увидел,Tôi đã thấy cái,我看見了
white,blanche,weißen,bianco,witte,белый,trắng,白,tooth,dent,Zahn,dente,tand,зуб,răng,牙,white tooth,dent blanche,weißen Zahn,dente bianco,witte tand,белый зуб,răng trắng,白牙,I saw the white tooth,J'ai vu la dent blanche,Ich sah den weißen Zahn,Ho visto il dente bianco,Ik zag de witte tand,Я увидел белый зуб,Tôi đã thấy hàm răng trắng,我看見了白牙,I saw the,J'ai vu la,Ich sah den,Ho visto il,Ik zag de,Я увидел,Tôi đã thấy hàm,我看見了
industrial,industrielle,industrielle,industriale,industriële,промышленный,công nghiệp,工业,town,ville,Stadt,città,stadje,город,thị trấn,城镇,industrial town,ville industrielle,industrielle Stadt,città industriale,industriële stadje,промышленный город,thị trấn công nghiệp,工业城镇,I saw the industrial town,J'ai vu la ville industrielle,Ich sah die industrielle Stadt,Ho visto la città industriale,Ik zag het industriële stadje,Я увидел промышленный город,Tôi đã thấy thị trấn công nghiệp,我看見了工业城镇,I saw the,J'ai vu la,Ich sah die,Ho visto la,Ik zag het,Я увидел,Tôi đã thấy,我看見了
fast,rapide,schnellen,veloce,snelle,скоростной,cao tốc,高速,train,train,Zug,treno,trein,поезд,tàu,列车,fast train,train rapide,schnellen Zug,treno veloce,snelle trein,скоростной поезд,tàu cao tốc,高速列车,I saw the fast train,J'ai vu le train rapide,Ich sah den schnellen Zug,Ho visto il treno veloce,Ik zag de snelle trein,Я увидел скоростной поезд,Tôi đã thấy con tàu cao tốc,我看見了高速列车,I saw the,J'ai vu le,Ich sah den,Ho visto il,Ik zag de,Я увидел,Tôi đã thấy con,我看見了
metal,métallique,metallene,di,metalen,металлический,kim loại,金属,tray,plateau,Tablett,vassoio,dienblad,поднос,khay,托盘,metal tray,plateau métallique,metallene Tablett,vassoio di metallo,metalen dienblad,металлический поднос,khay kim loại,金属托盘,I saw the metal tray,J'ai vu le plateau métallique,Ich sah das metallene Tablett,Ho visto il vassoio di metallo,Ik zag het metalen dienblad,Я увидел металлический поднос,Tôi đã thấy cái khay kim loại,我看見了金属托盘,I saw the,J'ai vu le,Ich sah das,Ho visto il,Ik zag het,Я увидел,Tôi đã thấy cái,我看見了
dry,sec,trockenen,secco,droge,сухое,khô,枯,tree,arbre,Baum,albero,boom,дерево,cây,树,dry tree,arbre sec,trockenen Baum,albero secco,droge boom,сухое дерево,cây khô,枯树,I saw the dry tree,J'ai vu l'arbre sec,Ich sah den trockenen Baum,Ho visto l'albero secco,Ik zag de droge boom,Я увидел сухое дерево,Tôi đã thấy cây khô,我看見了枯树,I saw the,J'ai vu l',Ich sah den,Ho visto l',Ik zag de,Я увидел,Tôi đã thấy,我看見了
blue,bleu,blaue,blu,blauwe,синие,xanh,蓝色,trousers,pantalon,Hose,pantaloni,broek,брюки,quần,裤子,blue trousers,pantalon bleu,blaue Hose,pantaloni blu,blauwe broek,синие брюки,quần xanh,蓝色裤子,I saw the blue trousers,J'ai vu le pantalon bleu,Ich sah die blaue Hose,Ho visto i pantaloni blu,Ik zag de blauwe broek,Я увидел синие брюки,Tôi đã thấy cái quần xanh,我看見了蓝色裤子,I saw the,J'ai vu le,Ich sah die,Ho visto i,Ik zag de,Я увидел,Tôi đã thấy cái,我看見了
folded,plié,zusammengeklappten,piegato,opgevouwen,сложенный,gấp,摺疊,umbrella,parapluie,Regenschirm,ombrello,paraplu,зонт,ô,傘,folded umbrella,parapluie plié,zusammengeklappten Regenschirm,ombrello piegato,opgevouwen paraplu,сложенный зонт,ô gấp,摺疊傘,I saw the folded umbrella,J'ai vu le parapluie plié,Ich sah den zusammengeklappten Regenschirm,Ho visto l'ombrello piegato,Ik zag de opgevouwen paraplu,Я увидел сложенный зонт,Tôi đã thấy cái ô gấp,我看見了摺疊傘,I saw the,J'ai vu le,Ich sah den,Ho visto l',Ik zag de,Я увидел,Tôi đã thấy cái,我看見了
thick,épais,dicke,spesso,dikke,толстую,dày,厚,wall,mur,Wand,muro,muur,стену,tường,牆,thick wall,mur épais,dicke Wand,muro spesso,dikke muur,толстая стена,tường dày,厚牆,I saw the thick wall,J'ai vu le mur épais,Ich sah die dicke Wand,Ho visto il muro spesso,Ik zag de dikke muur,Я увидел толстую стену,Tôi đã thấy bức tường dày,我看見了厚牆,I saw the,J'ai vu le,Ich sah die,Ho visto il,Ik zag de,Я увидел,Tôi đã thấy bức,我看見了
expensive,coûteuse,teure,costoso,dure,дорогие,đắt tiền,昂贵的,watch,montre,Uhr,orologio,horloge,часы,đồng hồ,手表,expensive watch,montre coûteuse,teure Uhr,orologio costoso,dure horloge,дорогой часы,đồng hồ đắt tiền,昂贵的手表,I saw the expensive watch,J'ai vu la montre coûteuse,Ich sah die teure Uhr,Ho visto l'orologio costoso,Ik zag het dure horloge,Я увидел дорогие часы,Tôi đã thấy cái đồng hồ đắt tiền,我看見了昂贵的手表,I saw the,J'ai vu la,Ich sah die,Ho visto l',Ik zag het,Я увидел,Tôi đã thấy cái,我看見了
round,ronde,runde,rotonda,ronde,круглое,tròn,圓形,wheel,roue,Rad,ruota,wiel,колесо,bánh xe,輪子,round wheel,roue ronde,runde Rad,ruota rotonda,ronde wiel,круглое колесо,bánh xe tròn,圓形輪子,I saw the round wheel,J'ai vu la roue ronde,Ich sah das runde Rad,Ho visto la ruota rotonda,Ik zag het ronde wiel,Я увидел круглое колесо,Tôi đã thấy bánh xe tròn,我看見了圓形輪子,I saw the,J'ai vu la,Ich sah das,Ho visto la,Ik zag het,Я увидел,Tôi đã thấy,我看見了
taut,tendu,straffe,tesa,strakke,натянутый,căng,紧绷的,whip,fouet,Peitsche,frusta,zweep,хлыст,dây roi,鞭子,taut whip,fouet tendu,straffe Peitsche,frusta tesa,strakke zweep,натянутый хлыст,dây roi căng,紧绷的鞭子,I saw the taut whip,J'ai vu le fouet tendu,Ich sah die straffe Peitsche,Ho visto la frusta tesa,Ik zag de strakke zweep,Я увидел натянутый хлыст,Tôi đã thấy sợi dây roi căng,我看見了紧绷的鞭子,I saw the,J'ai vu le,Ich sah die,Ho visto la,Ik zag de,Я увидел,Tôi đã thấy sợi,我看見了
shrill,strident,schrille,acuto,schrille,пронзительный,chói tai,尖锐的,whistle,sifflet,Pfeife,fischio,fluit,свисток,tiếng còi,哨声,shrill whistle,sifflet strident,schrille Pfeife,fischio acuto,schrille fluitje,пронзительный свисток,tiếng còi chói tai,尖锐的哨声,I saw the shrill whistle,J'ai vu le sifflet strident,Ich sah die schrille Pfeife,Ho visto il fischio acuto,Ik zag het schrille fluitje,Я увидел пронзительный свисток,Tôi đã thấy tiếng còi chói tai,我看見了尖锐的哨声,I saw the,J'ai vu le,Ich sah die,Ho visto il,Ik zag het,Я увидел,Tôi đã thấy,我看見了
open,ouverte,offene,aperta,open,открытое,mở,敞开的,window,fenêtre,Fenster,finestra,raam,окно,cửa sổ,窗户,open window,fenêtre ouverte,offene Fenster,finestra aperta,open raam,открытое окно,cửa sổ mở,敞开的窗户,I saw the open window,J'ai vu la fenêtre ouverte,Ich sah das offene Fenster,Ho visto la finestra aperta,Ik zag het open raam,Я увидел открытое окно,Tôi đã thấy cửa sổ mở,我看見了敞开的窗户,I saw the,J'ai vu la,Ich sah das,Ho visto la,Ik zag het,Я увидел,Tôi đã thấy,我看見了
broken,cassée,gebrochenen,spezzata,gebroken,сломанное,gãy,折断的,wing,aile,Flügel,ala,vleugel,крыло,cánh,翅膀,broken wing,aile cassée,gebrochenen Flügel,ala spezzata,gebroken vleugel,сломанное крыло,cánh gãy,折断的翅膀,I saw the broken wing,J'ai vu l'aile cassée,Ich sah den gebrochenen Flügel,Ho visto l'ala spezzata,Ik zag de gebroken vleugel,Я увидел сломанное крыло,Tôi đã thấy cái cánh gãy,我看見了折断的翅膀,I saw the,J'ai vu l',Ich sah den,Ho visto l',Ik zag de,Я увидел,Tôi đã thấy cái,我看見了
thin,fin,dünnen,sottile,dunne,тонкую,mỏng,细细的,wire,fil,Draht,filo,draad,проволоку,dây,铁丝,thin wire,fil fin,dünnen Draht,filo sottile,dunne draad,тонкая проволока,dây mỏng,细细的铁丝,I saw the thin wire,J'ai vu le fil fin,Ich sah den dünnen Draht,Ho visto il filo sottile,Ik zag de dunne draad,Я увидел тонкую проволоку,Tôi đã thấy sợi dây mỏng,我看見了细细的铁丝,I saw the,J'ai vu le,Ich sah den,Ho visto il,Ik zag de,Я увидел,Tôi đã thấy sợi,我看見了
slimy,visqueux,schleimigen,viscido,slijmerige,слизистого,nhớt,黏糊糊的,worm,ver,Wurm,verme,worm,червя,sâu,虫子,slimy worm,ver visqueux,schleimigen Wurm,verme viscido,slijmerige worm,слизистый червь,sâu nhớt,黏糊糊的虫子,I saw the slimy worm,J'ai vu le ver visqueux,Ich sah den schleimigen Wurm,Ho visto il verme viscido,Ik zag de slijmerige worm,Я увидел слизистого червя,Tôi đã thấy con sâu nhớt,我看見了黏糊糊的虫子,I saw the,J'ai vu le,Ich sah den,Ho visto il,Ik zag de,Я увидел,Tôi đã thấy con,我看見了