adj-eng,adj-fre,adj-ger,adj-ita,adj-ned,adj-rus,adj-vie,adj-zho,noun-eng,noun-fre,noun-ger,noun-ita,noun-ned,noun-rus,noun-vie,noun-zho,phrase_prefix-eng,phrase_prefix-fre,phrase_prefix-ger,phrase_prefix-ita,phrase_prefix-ned,phrase_prefix-rus,phrase_prefix-vie,phrase_prefix-zho,phrase-eng,phrase-fre,phrase-ger,phrase-ita,phrase-ned,phrase-rus,phrase-vie,phrase-zho,phrase_head_final-eng,phrase_head_final-fre,phrase_head_final-ger,phrase_head_final-ita
sharp,aigu,spitzer,acuto,scherpe,острый,nhọn,銳,angle,angle,Winkel,angolo,hoek,угол,góc,角,I saw the,J'ai vu l',Ich sah den,Ho visto l',Ik zag de,Я увидел,Tôi đã thấy,我看見了,sharp angle,angle aigu,spitzer Winkel,angolo acuto,scherpe hoek,острый угол,góc nhọn,銳角,good angle,bon angle,guter Winkel,buon angolo
scary,effrayante,gruselige,spaventosa,enge,страшный,đáng sợ,可怕的,ant,fourmi,Ameise,formica,mier,муравей,kiến,螞蟻,I saw the,J'ai vu la,Ich sah die,Ho visto la,Ik zag de,Я увидел,Tôi đã thấy con,我看見了,scary ant,fourmi effrayante,gruselige Ameise,formica spaventosa,enge mier,страшный муравей,kiến đáng sợ,可怕的螞蟻,small ant,petite fourmi,kleine Ameise,piccola formica
red,rouge,roter,rossa,rode,красное,đỏ,紅,apple,pomme,Apfel,mela,appel,яблоко,táo,蘋果,I saw the,J'ai vu la,Ich sah den,Ho visto la,Ik zag de,Я увидел,Tôi đã thấy quả,我看見了,red apple,pomme rouge,roter Apfel,mela rossa,rode appel,красное яблоко,táo đỏ,紅蘋果,beautiful apple,belle pomme,schöner Apfel,bella mela
curved,incurvé,geschwungener,curvo,gebogen,изогнутая,cong,彎曲,arch,arc,Bogen,arco,boog,арка,cầu vồng,拱門,I saw the,J'ai vu l',Ich sah den,Ho visto l',Ik zag de,Я увидел,Tôi đã thấy,我看見了,curved arch,arc incurvé,geschwungener Bogen,arco curvo,gebogen boog,изогнутая арка,cầu vồng cong,彎曲拱門,beautiful arch,bel arc,schöner Bogen,bel arco
strong,fort,starker,forte,sterke,сильная,mạnh mẽ,強硬,arm,bras,Arm,braccio,arm,рука,cánh tay,手段,I saw the,J'ai vu le,Ich sah den,Ho visto il,Ik zag de,Я увидел,Tôi đã thấy,我看見了,strong arm,bras fort,starker Arm,braccio forte,sterke arm,сильная рука,cánh tay mạnh mẽ,強硬手段,fat arm,gros bras,dicker Arm,braccio grasso
strong,forte,starke,forte,sterk,сильная,hùng mạnh,強大,army,armée,Armee,esercito,leger,армия,quân đội,軍隊,I saw the,J'ai vu l',Ich sah die,Ho visto il,Ik zag het,Я увидел,Tôi đã thấy,我看見了,strong army,armée forte,starke Armee,esercito forte,sterk leger,сильная армия,quân đội hùng mạnh,強大的軍隊,big army,grande armée,große Armee,grande esercito
cute,mignon,süßes,carino,schattige,милый,đáng yêu,可愛的,baby,bébé,Baby,bambino,baby,ребенок,em bé,寶寶,I saw the,J'ai vu le,Ich sah das,Ho visto il,Ik zag de,Я увидел,Tôi đã thấy,我看見了,cute baby,bébé mignon,süßes Baby,bambino carino,schattige baby,милый ребенок,em bé đáng yêu,可愛的寶寶,small baby,petit bébé,kleines Baby,piccolo bambino
heavy,lourd,schwere,pesante,zware,тяжелая,nặng,重型,bag,sac,Tasche,borsa,tas,сумка,túi,沙袋,I saw the,J'ai vu le,Ich sah die,Ho visto la,Ik zag de,Я увидел,Tôi đã thấy cái,我看見了,heavy bag,sac lourd,schwere Tasche,borsa pesante,zware tas,тяжелая сумка,túi nặng,重型沙袋,,,nan Tasche,
round,ronde,runde,rotonda,ronde,круглый,tròn,圓,ball,balle,Kugel,palla,bal,мяч,bóng,球,I saw the,J'ai vu la,Ich sah die,Ho visto la,Ik zag de,Я увидел,Tôi đã thấy quả,我看見了,round ball,balle ronde,runde Kugel,palla rotonda,ronde bal,круглый мяч,bóng tròn,圓球,,,nan Kugel,
tight,serrée,enges,stretta,strakke,плотная,chặt,緊繃的,band,bande,Band,fascia,band,лента,dải băng,束帶,I saw the,J'ai vu la,Ich sah das,Ho visto la,Ik zag de,Я увидел,Tôi đã thấy,我看見了,tight band,bande serrée,enges Band,fascia stretta,strakke band,плотная лента,dải băng chặt,緊繃的束帶,beautiful band,belle bande,schönes Band,bella banda
empty,vide,leeres,vuota,lege,пустая,rỗng,空,basin,bassin,Becken,vasca,bak,миска,chậu,盆,I saw the,J'ai vu le,Ich sah das,Ho visto la,Ik zag de,Я увидел,Tôi đã thấy cái,我看見了,empty basin,bassin vide,leeres Becken,vasca vuota,lege bak,пустая миска,chậu rỗng,空盆,,,,
woven,tressé,geflochtener,intrecciato,gevlochten,плетеная,đan,编织,basket,panier,Korb,cesto,mand,корзина,giỏ,篮,I saw the,J'ai vu le,Ich sah den,Ho visto il,Ik zag de,Я увидел,Tôi đã thấy cái,我看見了,woven basket,panier tressé,geflochtener Korb,cesto intrecciato,gevlochten mand,плетеная корзина,giỏ đan,编织篮,,,,
hot,chaud,heißes,caldo,warm,горячая,nước nóng,热水,bath,bain,Bad,bagno,bad,ванна,bồn tắm,澡,I saw the,J'ai vu le,Ich sah die,Ho visto il,Ik zag het,Я увидел,Tôi đã thấy cái,我看見了,hot bath,bain chaud,heißes Bad,bagno caldo,warm bad,горячая ванна,bồn tắm nước nóng,热水澡,,,,
comfortable,confortable,bequemes,comodo,comfortabel,удобная,êm ái,舒适,bed,lit,Bett,letto,bed,кровать,giường,床,I saw the,J'ai vu le,Ich sah das,Ho visto il,Ik zag het,Я увидел,Tôi đã thấy cái,我看見了,comfortable bed,lit confortable,bequemes Bett,letto comodo,comfortabel bed,удобная кровать,giường êm ái,舒适床,,,,
yellow,jaune,gelbe,gialla,gele,желтая,vàng,黄,bee,abeille,Biene,ape,bij,пчела,ong,蜂,I saw the,J'ai vu l',Ich sah die,Ho visto l',Ik zag de,Я увидел,Tôi đã thấy con,我看見了,yellow bee,abeille jaune,gelbe Biene,ape gialla,gele bij,желтая пчела,ong vàng,黄蜂,,,,
loud,bruyante,laute,rumorosa,luide,громкий,to,响亮,bell,cloche,Glocke,campana,bel,колокол,chuông,铃,I saw the,J'ai vu la,Ich sah die,Ho visto la,Ik zag de,Я увидел,Tôi đã thấy cái,我看見了,loud bell,cloche bruyante,laute Glocke,campana rumorosa,luide bel,громкий колокол,chuông to,响亮铃,big bell,belle cloche,große Glocke,grande campana
sweet,sucrée,süße,dolce,zoete,сладкая,ngọt,甜,berry,baie,Beere,bacca,bes,ягода,mọng,浆果,I saw the,J'ai vu la,Ich sah die,Ho visto la,Ik zag de,Я увидел,Tôi đã thấy quả,我看見了,sweet berry,baie sucrée,süße Beere,bacca dolce,zoete bes,сладкая ягода,mọng ngọt,甜浆果,small berry,petite baie,kleine Beere,piccola bacca
strange,étrange,seltsamer,strano,vreemde,странная,lạ,奇,bird,oiseau,Vogel,uccello,vogel,птица,chim,鸟,I saw the,J'ai vu l',Ich sah den,Ho visto l',Ik zag de,Я увидел,Tôi đã thấy con,我看見了,strange bird,oiseau étrange,seltsamer Vogel,uccello strano,vreemde vogel,странная птица,chim lạ,奇鸟,,,nan Vogel,
sharp,tranchante,scharfe,affilata,scherp,острый,sắc,鋒利的,blade,lame,Klinge,lama,mes,нож,lưỡi dao,刀刃,I saw the,J'ai vu la,Ich sah die,Ho visto la,Ik zag het,Я увидел,Tôi đã thấy,我看見了,sharp blade,lame tranchante,scharfe Klinge,lama affilata,scherp mes,острый нож,lưỡi dao sắc,鋒利的刀刃,pretty blade,jolie lame,schöne Klinge,bella lama
flat,plate,flaches,piatta,vlakke,плоская,phẳng,平,board,planche,Brett,tavola,plank,доска,bảng,板,I saw the,J'ai vu la,Ich sah das,Ho visto la,Ik zag de,Я увидел,Tôi đã thấy cái,我看見了,flat board,planche plate,flaches Brett,tavola piatta,vlakke plank,плоская доска,bảng phẳng,平板,new board,nouvelle planche,neues Brett,nuova tavola
wooden,en bois,holzes,di,houten,деревянная,gỗ,木,boat,bateau,Boot,barca,boot,лодка,thuyền,船,I saw the,J'ai vu le,Ich sah das,Ho visto la,Ik zag de,Я увидел,Tôi đã thấy con,我看見了,wooden boat,bateau en bois,hölzernes Boot,barca di legno,houten boot,деревянная лодка,thuyền gỗ,木船,,,nan Boot,
hard,dur,harter,duro,hard,твердая,cứng,硬,bone,os,Knochen,osso,bot,кость,xương,骨头,I saw the,J'ai vu l',Ich sah den,Ho visto l',Ik zag het,Я увидел,Tôi đã thấy cái,我看見了,hard bone,os dur,harter Knochen,osso duro,hard bot,твердая кость,xương cứng,硬骨头,,,nan Knochen,
interesting,intéressant,interessantes,interessante,interessant,интересная,thú vị,有趣,book,livre,Buch,libro,boek,книга,sách,书,I saw the,J'ai vu le,Ich sah das,Ho visto il,Ik zag het,Я увидел,Tôi đã thấy cuốn,我看見了,interesting book,livre intéressant,interessantes Buch,libro interessante,interessant boek,интересная книга,sách thú vị,有趣书,,,nan Buch,
muddy,boueuse,schlammiger,infangato,modderige,грязные,bùn,泥,boot,botte,Stiefel,stivale,laars,сапоги,giày,靴,I saw the,J'ai vu la,Ich sah die,Ho visto lo,Ik zag de,Я увидел,Tôi đã thấy đôi,我看見了,muddy boot,botte boueuse,schlammiger Stiefel,stivale infangato,modderige laars,грязные сапоги,giày bùn,泥靴,,,nan Stiefel,
full,pleine,volle,piena,volle,полная,đầy,满,bottle,bouteille,Flasche,bottiglia,fles,бутылка,chai,瓶,I saw the,J'ai vu la,Ich sah die,Ho visto la,Ik zag de,Я увидел,Tôi đã thấy cái,我看見了,full bottle,bouteille pleine,volle Flasche,bottiglia piena,volle fles,полная бутылка,chai đầy,满瓶,beautiful bottle,belle bouteille,schöne Flasche,bella bottiglia
white,blanche,weiße,bianca,witte,белая,trắng,白,box,boîte,Schachtel,scatola,doos,коробка,hộp,盒,I saw the,J'ai vu la,Ich sah die,Ho visto la,Ik zag de,Я увидел,Tôi đã thấy cái,我看見了,white box,boîte blanche,weiße Schachtel,scatola bianca,witte doos,белая коробка,hộp trắng,白盒,,,,
stupid,garçon,dummer,giovane,jonge,маленький,ngốc nghếch,笨,boy,jeune,Junge,ragazzo,jongen,мальчик,đứa trẻ,男孩,I saw the,J'ai vu le,Ich sah den,Ho visto il,Ik zag de,Я увидел,Tôi đã thấy,我看見了,stupid boy,garçon stupide,dummer Junge,ragazzo giovane,domme jongen,глупый мальчик,đứa trẻ ngốc nghếch,笨男孩,,,,
smart,intelligent,kluges,intelligente,slimme,умный,thông minh,聪明,brain,cerveau,Gehirn,cervello,hersenen,мозг,bộ não,脑,I saw the,J'ai vu le,Ich sah das,Ho visto il,Ik zag het,Я увидел,Tôi đã thấy,我看見了,smart brain,cerveau intelligent,kluges Gehirn,cervello intelligente,slimme hersenen,умный мозг,bộ não thông minh,聪明脑,,,,
thin,fine,dünner,sottile,dunne,тонкая,mảnh,细,branch,branche,Ast,ramo,tak,ветка,cành cây,枝,I saw the,J'ai vu la,Ich sah den,Ho visto il,Ik zag de,Я увидел,Tôi đã thấy,我看見了,thin branch,branche fine,dünner Ast,ramo sottile,dunne tak,тонкая ветка,cành cây mảnh,细枝,small branch,petite branche,kleiner Ast,piccolo ramo
red,rouge,roter,rosso,rode,красный,đỏ,红,brick,brique,Ziegelstein,mattone,baksteen,кирпич,gạch,砖,I saw the,J'ai vu la,Ich sah den,Ho visto il,Ik zag de,Я увидел,Tôi đã thấy viên,我看見了,red brick,brique rouge,roter Ziegelstein,mattone rosso,rode baksteen,красный кирпич,gạch đỏ,红砖,big brick,grande brique,großer Ziegelstein,grande mattone
narrow,étroit,schmale,stretto,smalle,узкий,hẹp,窄,bridge,pont,Brücke,ponte,brug,мост,cầu,桥,I saw the,J'ai vu le,Ich sah die,Ho visto il,Ik zag de,Я увидел,Tôi đã thấy cây,我看見了,narrow bridge,pont étroit,schmale Brücke,ponte stretto,smalle brug,узкий мост,cầu hẹp,窄桥,,,,
stiff,rigide,steife,rigida,stijve,жесткая,cứng,硬,brush,brosse,Bürste,spazzola,borstel,щетка,cây cọ,刷,I saw the,J'ai vu la,Ich sah die,Ho visto la,Ik zag de,Я увидел,Tôi đã thấy,我看見了,stiff brush,brosse rigide,steife Bürste,spazzola rigida,stijve borstel,жесткая щетка,cây cọ cứng,硬刷,,,,
metal,en métal,metallener,di,metalen,металлическое,kim loại,金属,bucket,seau,Eimer,secchio,emmer,ведро,thùng,桶,I saw the,J'ai vu le,Ich sah den,Ho visto il,Ik zag de,Я увидел,Tôi đã thấy cái,我看見了,metal bucket,seau en métal,metallener Eimer,secchio di metallo,metalen emmer,металлическое ведро,thùng kim loại,金属桶,,,,
bright,lumineuse,helle,luminosa,heldere,яркая,sáng,亮,bulb,ampoule,Glühbirne,lampadina,lamp,лампочка,bóng đèn,灯泡,I saw the,J'ai vu l',Ich sah die,Ho visto la,Ik zag de,Я увидел,Tôi đã thấy,我看見了,bright bulb,ampoule lumineuse,helle Glühbirne,lampadina luminosa,heldere lamp,яркая лампочка,bóng đèn sáng,亮灯泡,,,,
red,rouge,roter,rosso,rode,красная,đỏ,红,button,bouton,Knopf,pulsante,knop,кнопка,nút,按钮,I saw the,J'ai vu le,Ich sah den,Ho visto il,Ik zag de,Я увидел,Tôi đã thấy cái,我看見了,red button,bouton rouge,roter Knopf,pulsante rosso,rode knop,красная кнопка,nút đỏ,红按钮,,,,
sweet,sucré,süßer,dolce,zoete,сладкий,ngọt,甜,cake,gâteau,Kuchen,torta,cake,торт,bánh,蛋糕,I saw the,J'ai vu le,Ich sah den,Ho visto la,Ik zag de,Я увидел,Tôi đã thấy cái,我看見了,sweet cake,gâteau sucré,süßer Kuchen,torta dolce,zoete cake,сладкий торт,bánh ngọt,甜蛋糕,,,,
digital,numérique,digitaler,digitale,digitale,цифровая,kỹ thuật số,数码,camera,appareil photo,Kamera,fotocamera,camera,камера,máy ảnh,相机,I saw the,J'ai vu l',Ich sah die,Ho visto la,Ik zag de,Я увидел,Tôi đã thấy cái,我看見了,digital camera,appareil photo numérique,digitale Kamera,fotocamera digitale,digitale camera,цифровая камера,máy ảnh kỹ thuật số,数码相机,,,,
colourful,colorée,bunte,colorato,kleurrijke,красочная,sặc sỡ,繽紛,card,carte,Karte,cartoncino,kaart,открытка,thẻ,卡片,I saw the,J'ai vu la,Ich sah die,Ho visto il,Ik zag de,Я увидел,Tôi đã thấy tấm,我看見了,colourful card,carte colorée,bunte Karte,cartoncino colorato,kleurrijke kaart,красочная открытка,thẻ sặc sỡ,繽紛卡片,small card,petite carte,kleine Karte,piccola scheda
old,coûteuse,alte,carrozza,oude,старая,cũ,旧,carriage,voiture,Kutsche,vecchia,koets,карета,xe ngựa,马车,I saw the,J'ai vu la,Ich sah die,Ho visto la,Ik zag de,Я увидел,Tôi đã thấy cái,我看見了,old carriage,voiture coûteuse,alte Kutsche,vecchia carrozza,oude koets,старая карета,xe ngựa cũ,旧马车,,,,
wooden,en bois,hölzerner,di,houten,деревянная,gỗ,木头,cart,chariot,Karren,carretto,kar,тележка,xe kéo,车,I saw the,J'ai vu le,Ich sah den,Ho visto il,Ik zag de,Я увидел,Tôi đã thấy cái,我看見了,wooden cart,chariot en bois,hölzerner Karren,carretto di legno,houten kar,деревянная тележка,xe kéo gỗ,木头车,,,,
lazy,paresseux,faule,pigro,luie,ленивая,lười,懒,cat,chat,Katze,gatto,kat,кошка,mèo,猫,I saw the,J'ai vu le,Ich sah die,Ho visto il,Ik zag de,Я увидел,Tôi đã thấy con,我看見了,lazy cat,chat paresseux,faule Katze,gatto pigro,luie kat,ленивая кошка,mèo lười,懒猫,,,,
heavy,chaîne,schwere,pesante,zware,тяжелая,nặng,沉重的,chain,lourde,Kette,catena,ketting,цепь,xích sắt,铁链,I saw the,J'ai vu la,Ich sah den,Ho visto la,Ik zag de,Я увидел,Tôi đã thấy sợi,我看見了,heavy chain,lourde chaîne,schwere Kette,catena pesante,zware ketting,тяжелая цепь,xích sắt nặng,沉重的铁链,,,,
soft,mou,weicher,morbido,zachte,мягкий,mềm,软,cheese,fromage,Käse,formaggio,kaas,сыр,pho mát,奶酪,I saw the,J'ai vu le,Ich sah die,Ho visto il,Ik zag de,Я увидел,Tôi đã thấy miếng,我看見了,soft cheese,fromage mou,weicher Käse,formaggio morbido,zachte kaas,мягкий сыр,pho mát mềm,软奶酪,,,,
wooden,en bois,hölzene,di,houten,деревянный,gỗ,木,chest,coffre,Kiste,cassa,kist,сундук,hộp,箱,I saw the,J'ai vu le,Ich sah die,Ho visto la,Ik zag de,Я увидел,Tôi đã thấy cái,我看見了,wooden chest,coffre en bois,hölzene Kiste,cassa di legno,houten kist,деревянный сундук,hộp gỗ,木箱,,,,
pointed,pointu,spitzes,appuntito,puntige,острый,nhọn,尖,chin,menton,Kinn,mento,kin,подбородок,cằm,下巴,I saw the,J'ai vu le,Ich sah das,Ho visto il,Ik zag de,Я увидел,Tôi đã thấy cái,我看見了,pointed chin,menton pointu,spitzes Kinn,mento appuntito,puntige kin,острый подбородок,cằm nhọn,尖下巴,big chin,grand menton,großes Kinn,grande mento
Christian,chrétienne,christliche,cristiana,christelijke,христианская,Kitô giáo,基督,church,église,Kirche,chiesa,kerk,церковь,Nhà thờ,教堂,I saw the,J'ai vu l',Ich sah die,Ho visto la,Ik zag de,Я увидел,Tôi đã thấy,我看見了,Chistian church,église chrétienne,christliche Kirche,chiesa cristiana,christelijke kerk,христианская церковь,Nhà thờ Kitô giáo,基督教堂,,,,
perfect,parfait,perfekter,perfetto,perfecte,идеальный,hoàn hảo,完美的,circle,cercle,Kreis,cerchio,cirkel,круг,hình tròn,圆圈,I saw the,J'ai vu le,Ich sah den,Ho visto il,Ik zag de,Я увидел,Tôi đã thấy,我看見了,perfect circle,cercle parfait,perfekter Kreis,cerchio perfetto,perfecte cirkel,идеальный круг,hình tròn hoàn hảo,完美的圆圈,,,,
round,ronde,runde,rotondo,ronde,круглые,tròn,圆形,clock,horloge,Uhr,orologio,klok,часы,đồng hồ,时钟,I saw the,J'ai vu l',Ich sah die,Ho visto l',Ik zag de,Я увидел,Tôi đã thấy cái,我看見了,round clock,horloge ronde,runde Uhr,orologio rotondo,ronde klok,круглые часы,đồng hồ tròn,圆形时钟,,,,
white,blanc,weiße,bianca,witte,белое,trắng,白,cloud,nuage,Wolke,nuvola,wolk,облако,đám mây,云,I saw the,J'ai vu le,Ich sah die,Ho visto la,Ik zag de,Я увидел,Tôi đã thấy,我看見了,white cloud,nuage blanc,weiße Wolke,nuvola bianca,witte wolk,белое облако,đám mây trắng,白云,,,,
warm,chaud,warmer,caldo,warme,теплое,ấm,暖和的,coat,manteau,Mantel,cappotto,jas,пальто,áo khoác,衣服,I saw the,J'ai vu le,Ich sah den,Ho visto il,Ik zag de,Я увидел,Tôi đã thấy cái,我看見了,warm coat,manteau chaud,warmer Mantel,cappotto caldo,warme jas,теплое пальто,áo khoác ấm,暖和的衣服,,,,
tight,serré,enger,stretto,strakke,тугой,chật,紧绷的,collar,collier,Kragen,colletto,kraag,воротник,cổ áo,领口,I saw the,J'ai vu le,Ich sah den,Ho visto il,Ik zag de,Я увидел,Tôi đã thấy cái,我看見了,tight collar,collier serré,enger Kragen,colletto stretto,strakke kraag,тугой воротник,cổ áo chật,紧绷的领口,,,,
plastic,en plastique,plastischer,di,plastic,пластиковый,nhựa,塑料,comb,peigne,Kamm,pettine,kam,гребень,lược,梳子,I saw the,J'ai vu le,Ich sah den,Ho visto il,Ik zag de,Я увидел,Tôi đã thấy cái,我看見了,plastic comb,peigne en plastique,plastischer Kamm,pettine di plastica,plastic kam,пластиковый гребень,lược nhựa,塑料梳子,,,,
black,noir,schwarzes,nero,zwart,черный,đen,黑,cord,cordon,Seil,cordone,koord,шнур,dây,绳子,I saw the,J'ai vu le,Ich sah das,Ho visto il,Ik zag het,Я увидел,Tôi đã thấy sợi,我看見了,black cord,cordon noir,schwarzes Seil,cordone nero,zwart koord,черный шнур,dây đen,黑绳子,,,,
brown,brune,braune,marrone,bruine,коричневая,nâu,棕,cow,vache,Kuh,mucca,koe,корова,bò,牛,I saw the,J'ai vu la,Ich sah die,Ho visto la,Ik zag de,Я увидел,Tôi đã thấy con,我看見了,brown cow,vache brune,braune Kuh,mucca marrone,bruine koe,коричневая корова,bò nâu,棕牛,,,,
hot,chaude,heiße,calda,hete,горячая,nóng,熱,cup,tasse,Tasse,tazza,kop,чашка,ly,杯,I saw the,J'ai vu la,Ich sah die,Ho visto la,Ik zag de,Я увидел,Tôi đã thấy cái,我看見了,hot cup,tasse chaude,heiße Tasse,tazza calda,hete kop,горячая чашка,ly nóng,熱杯,big cup,grande tasse,große Tasse,grande tazza
thick,épais,dicker,spessa,dik,плотная,dày,厚,curtain,rideau,Vorhang,tenda,gordijn,занавеска,rèm,窗帘,I saw the,J'ai vu le,Ich sah den,Ho visto la,Ik zag het,Я увидел,Tôi đã thấy tấm,我看見了,thick curtain,rideau épais,dicker Vorhang,tenda spessa,dik gordijn,плотная занавеска,rèm dày,厚窗帘,,,,
soft,doux,weiches,morbido,zacht,мягкая,mềm,软,cushion,coussin,Kissen,cuscino,kussen,подушка,gối,垫子,I saw the,J'ai vu le,Ich sah das,Ho visto il,Ik zag het,Я увидел,Tôi đã thấy cái,我看見了,soft cushion,coussin doux,weiches Kissen,cuscino morbido,zacht kussen,мягкая подушка,gối mềm,软垫子,,,,
loyal,fidèle,treuer,fedele,trouwe,верный,trung thành,忠,dog,chien,Hund,cane,hond,пес,chó,犬,I saw the,J'ai vu le,Ich sah der,Ho visto il,Ik zag de,Я увидел,Tôi đã thấy con,我看見了,loyal dog,chien fidèle,treuer Hund,cane fedele,trouwe hond,верный пес,chó trung thành,忠犬,,,,
open,ouverte,offene,aperta,open,открытая,mở,敞开的,door,porte,Tür,porta,deur,дверь,cửa,门,I saw the,J'ai vu la,Ich sah die,Ho visto la,Ik zag de,Я увидел,Tôi đã thấy cái,我看見了,open door,porte ouverte,offene Tür,porta aperta,open deur,открытая дверь,cửa mở,敞开的门,,,,
clogged,bouché,verstopfte,intasato,verstopte,засоренный,bị tắc,堵塞的,drain,drain,Abflussrinne,scarico,afvoer,слив,thoát nước,排水管,I saw the,J'ai vu le,Ich sah die,Ho visto lo,Ik zag de,Я увидел,Tôi đã thấy cái,我看見了,clogged drain,drain bouché,verstopfte Abflussrinne,scarico intasato,verstopte afvoer,засоренный слив,thoát nước bị tắc,堵塞的排水管,old drain,vieux drain,alte Abflussrinne,vecchio scarico
open,ouvert,offene,aperto,open,открытый,mở,开启,drawer,tiroir,Schublade,cassetto,lade,ящик,ngăn kéo,抽屉,I saw the,J'ai vu le,Ich sah die,Ho visto il,Ik zag de,Я увидел,Tôi đã thấy cái ngăn kéo mở,我看見了,open drawer,tiroir ouvert,offene Schublade,cassetto aperto,open lade,открытый ящик,ngăn kéo mở,抽屉开启,,,,
pretty,robe,hübsches,vestito,mooie,красивое,xinh xắn,漂亮,dress,jolie,Kleid,bel,jurk,платье,váy,裙子,I saw the,J'ai vu la,Ich sah das,Ho visto il,Ik zag de,Я увидел,Tôi đã thấy chiếc,我看見了,pretty dress,jolie robe,hübsches Kleid,bel vestito,mooie jurk,красивое платье,váy xinh xắn,漂亮裙子,,,,
small,goutte,kleiner,goccia,kleine,небольшая,nhỏ,小,drop,petite,Tropfen,piccola,druppel,капля,giọt,水滴,I saw the,J'ai vu la,Ich sah den,Ho visto la,Ik zag de,Я увидел,Tôi đã thấy,我看見了,small drop,petite goutte,kleiner Tropfen,piccola goccia,kleine druppel,небольшая капля,giọt nhỏ,小水滴,,,,
sensitive,sensible,empfindliches,sensibile,gevoelig,чувствительное,nhạy cảm,灵敏,ear,oreille,Ohr,orecchio,oor,ухо,tai,耳朵,I saw the,J'ai vu l',Ich sah das,Ho visto l',Ik zag het,Я увидел,Tôi đã thấy cái,我看見了,sensitive ear,oreille sensible,empfindliches Ohr,orecchio sensibile,gevoelig oor,чувствительное ухо,tai nhạy cảm,灵敏耳朵,,,,
boiled,dur,gekochtes,sodo,gekookt,варёное,luộc,水煮,egg,œuf,Ei,uovo,ei,яйцо,trứng,蛋,I saw the,J'ai vu l',Ich sah das,Ho visto l',Ik zag het,Я увидел,Tôi đã thấy quả,我看見了,boiled egg,œuf dur,gekochtes Ei,uovo sodo,gekookt ei,варёное яйцо,trứng luộc,水煮蛋,big egg,grand œuf,großes Ei,grande uovo
powerful,puissant,leistungsstarker,potente,krachtige,мощный,mạnh mẽ,強勁,engine,moteur,Motor,motore,motor,двигатель,động cơ,引擎,I saw the,J'ai vu le,Ich sah den,Ho visto il,Ik zag de,Я увидел,Tôi đã thấy,我看見了,powerful engine,moteur puissant,leistungsstarker Motor,motore potente,krachtige motor,мощный двигатель,động cơ mạnh mẽ,強勁引擎,old engine,vieux moteur,alter Motor,vecchio motore
blue,bleu,blaues,blu,blauw,голубой,xanh,藍,eye,œil,Auge,occhio,oog,глаз,mắt,眼睛,I saw the,J'ai vu l',Ich sah das,Ho visto l',Ik zag het,Я увидел,Tôi đã thấy đôi,我看見了,blue eye,œil bleu,blaues Auge,occhio blu,blauw oog,голубой глаз,mắt xanh,藍眼睛,beautiful eye,beau œil,schönes Auge,bel occhio
happy,heureux,fröhliches,felice,blij,счастливое,vui vẻ,快乐的,face,visage,Gesicht,faccia,gezicht,лицо,khuôn mặt,脸庞,I saw the,J'ai vu le,Ich sah das,Ho visto la,Ik zag het,Я увидел,Tôi đã thấy,我看見了,happy face,visage heureux,fröhliches Gesicht,faccia felice,blij gezicht,счастливое лицо,khuôn mặt vui vẻ,快乐的脸庞,big face,grande visage,großes Gesicht,grande faccia
isolated,isolée,abgelegene,isolata,afgelegen,уединённая,biệt lập,孤立的,farm,ferme,Farm,fattoria,boerderij,ферма,nông trại,農場,I saw the,J'ai vu la,Ich sah die,Ho visto la,Ik zag de,Я увидел,Tôi đã thấy,我看見了,isolated farm,ferme isolée,abgelegene Farm,fattoria isolata,afgelegen boerderij,уединённая ферма,nông trại biệt lập,孤立的農場,old farm,vieille ferme,alte Farm,vecchia fattoria
light,légère,leichte,leggera,lichte,легкое,nhẹ,轻盈的,feather,plume,Feder,piuma,veer,перо,lông vũ,羽毛,I saw the,J'ai vu la,Ich sah die,Ho visto la,Ik zag de,Я увидел,Tôi đã thấy chiếc,我看見了,light feather,plume légère,leichte Feder,piuma leggera,lichte veer,легкое перо,lông vũ nhẹ,轻盈的羽毛,,,,
long,long,langer,lungo,lange,длинный,dài,修长的,finger,doigt,Finger,dito,vinger,палец,ngón tay,手指,I saw the,J'ai vu le,Ich sah den,Ho visto il,Ik zag de,Я увидел,Tôi đã thấy,我看見了,long finger,doigt long,langer Finger,dito lungo,lange vinger,длинный палец,ngón tay dài,修长的手指,,,,
fresh,frais,frischer,fresco,verse,свежая,tươi,新鲜的,fish,poisson,Fisch,pesce,vis,рыба,cá,鱼,I saw the,J'ai vu le,Ich sah den,Ho visto il,Ik zag de,Я увидел,Tôi đã thấy con,我看見了,fresh fish,poisson frais,frischer Fisch,pesce fresco,verse vis,свежая рыба,cá tươi,新鲜的鱼,,,,
national,national,nationale,nazionale,nationale,национальный,quốc gia,国,flag,drapeau,Flagge,bandiera,vlag,флаг,cờ,旗,I saw the,J'ai vu le,Ich sah die,Ho visto la,Ik zag de,Я увидел,Tôi đã thấy lá,我看見了,national flag,drapeau national,nationale Flagge,bandiera nazionale,nationale vlag,национальный флаг,cờ quốc gia,国旗,,,,
clean,propre,sauberer,pulito,schone,чистый,sạch sẽ,干净的,floor,sol,Boden,pavimento,vloer,пол,sàn nhà,地板,I saw the,J'ai vu le,Ich sah den,Ho visto il,Ik zag de,Я увидел,Tôi đã thấy,我看見了,clean floor,sol propre,sauberer Boden,pavimento pulito,schone vloer,чистый пол,sàn nhà sạch sẽ,干净的地板,,,,
fast,rapide,schnelle,veloce,snelle,быстрая,nhanh,快,fly,mouche,Fliege,mosca,vlieg,муха,ruồi,蒼蠅,I saw the,J'ai vu la,Ich sah die,Ho visto la,Ik zag de,Я увидел,Tôi đã thấy con,我看見了,fast fly,mouche rapide,schnelle Fliege,mosca veloce,snelle vlieg,быстрая муха,ruồi nhanh,快蒼蠅,small fly,petite mouche,kleine Fliege,piccola mosca
bare,nu,bares,nudo,blote,босая,trần,赤,foot,pied,Fuß,piede,voet,нога,chân,腳,I saw the,J'ai vu les,Ich sah das,Ho visto il,Ik zag de,Я увидел,Tôi đã thấy đôi,我看見了,bare foot,pied nu,bares Fuß,piede nudo,blote voet,босая нога,chân trần,赤腳,pretty foot,petit pied,schönes Fuß,bel piede
metal,en métal,metallener,di,metalen,металлическая,kim loại,金属,fork,fourchette,Gabel,forchetta,vork,вилка,dĩa,叉子,I saw the,J'ai vu la,Ich sah den,Ho visto la,Ik zag de,Я увидел,Tôi đã thấy cái,我看見了,metal fork,fourchette en métal,metallener Gabel,forchetta di metallo,metalen vork,металлическая вилка,dĩa kim loại,金属叉子,,,,
wooden,en bois,hölzener,in,houten,деревянная,gỗ,木製,frame,cadre,Rahmen,telaio,kader,рама,khung,框架,I saw the,J'ai vu le,Ich sah den,Ho visto il,Ik zag het,Я увидел,Tôi đã thấy cái,我看見了,wooden frame,cadre en bois,hölzener Rahmen,telaio in legno,houten kader,деревянная рама,khung gỗ,木製框架,big frame,grand cadre,großer Rahmen,grande telaio
green,vert,grüner,verde,groene,зелёный,xanh,绿意盎然的,garden,jardin,Garten,giardino,tuin,сад,vườn,花园,I saw the,J'ai vu le,Ich sah den,Ho visto il,Ik zag de,Я увидел,Tôi đã thấy khu,我看見了,green garden,jardin vert,grüner Garten,giardino verde,groene tuin,зелёный сад,vườn xanh,绿意盎然的花园,,,,
happy,heureuse,fröhliches,felice,gelukkig,счастливая,vui vẻ,快乐的,girl,fille,Mädchen,ragazza,meisje,девушка,cô gái,女孩,I saw the,J'ai vu la,Ich sah das,Ho visto la,Ik zag het,Я увидел,Tôi đã thấy,我看見了,happy girl,fille heureuse,fröhliches Mädchen,ragazza felice,gelukkig meisje,счастливая девушка,cô gái vui vẻ,快乐的女孩,,,,
warm,chaud,warmer,caldo,warme,теплая,ấm áp,温暖的,glove,gant,Handschuh,guanto,handschoen,перчатка,găng tay,手套,I saw the,J'ai vu les,Ich sah den,Ho visto il,Ik zag de,Я увидел,Tôi đã thấy đôi,我看見了,warm glove,gant chaud,warmer Handschuh,guanto caldo,warme handschoen,теплая перчатка,găng tay ấm áp,温暖的手套,,,,
white,blanche,weiße,bianca,witte,белая,trắng,白,goat,chèvre,Ziege,capra,geit,коза,dê,山羊,I saw the,J'ai vu la,Ich sah die,Ho visto la,Ik zag de,Я увидел,Tôi đã thấy con,我看見了,white goat,chèvre blanche,weiße Ziege,capra bianca,witte geit,белая коза,dê trắng,白山羊,small goat,petite chèvre,kleine Ziege,piccola capra
loaded,chargé,geladene,carica,geladen,заряженный,đã lên đạn,上膛的,gun,fusil,Waffe,pistola,geweer,пистолет,súng,枪,I saw the,J'ai vu le,Ich sah die,Ho visto la,Ik zag het,Я увидел,Tôi đã thấy khẩu,我看見了,loaded gun,fusil chargé,geladene Waffe,pistola carica,geladen geweer,заряженный пистолет,súng đã lên đạn,上膛的枪,,,nan Waffe,
curly,bouclés,lockiges,ricci,krullend,кудрявый,xoăn,卷,hair,cheveux,Haar,capelli,haar,волос,tóc,发,I saw the,J'ai vu les,Ich sah das,Ho visto i,Ik zag het,Я увидел,Tôi đã thấy mái,我看見了,curly hair,cheveux bouclés,lockiges Haar,capelli ricci,krullend haar,кудрявые волосы,tóc xoăn,卷发,,,nan Haar,
heavy,lourd,schwerer,pesante,zware,тяжелый,nặng,重,hammer,marteau,Hammer,martello,hamer,молоток,búa,錘,I saw the,J'ai vu le,Ich sah den,Ho visto il,Ik zag de,Я увидел,Tôi đã thấy cái,我看見了,heavy hammer,marteau lourd,schwerer Hammer,martello pesante,zware hamer,тяжелый молоток,búa nặng,重錘,new hammer,nouveau marteau,neuer Hammer,nuovo martello
clean,propre,saubere,pulita,schone,чистая,sạch,潔淨之,hand,main,Hand,mano,hand,рука,tay,手,I saw the,J'ai vu les,Ich sah die,Ho visto la,Ik zag de,Я увидел,Tôi đã thấy đôi,我看見了,clean hand,main propre,saubere Hand,mano pulita,schone hand,чистая рука,tay sạch,潔淨之手,pretty hand,jolie main,schöne Hand,bella mano
big,chapeau,großer,grande,grote,большая,rộng vành,宽檐,hat,grand,Hut,cappello,hoed,шляпа,mũ,帽,I saw the,J'ai vu le,Ich sah den,Ho visto il,Ik zag de,Я увидел,Tôi đã thấy cái,我看見了,big hat,grand chapeau,großer Hut,cappello grande,grote hoed,большая шляпа,mũ rộng vành,宽檐帽,,,nan Hut,
bald,chauve,kahler,calva,kale,лысая,trọc,光,head,tête,Kopf,testa,kop,голова,đầu,头,I saw the,J'ai vu la,Ich sah den,Ho visto la,Ik zag de,Я увидел,Tôi đã thấy cái,我看見了,bald head,tête chauve,kahler Kopf,testa calva,kale kop,лысая голова,đầu trọc,光头,,,nan Kopf,
kind,tendre,gütiges,gentile,goede,доброе,nhân hậu,善良的,heart,cœur,Herz,cuore,hart,сердце,trái tim,心,I saw the,J'ai vu le,Ich sah das,Ho visto il,Ik zag het,Я увидел,Tôi đã thấy,我看見了,kind heart,cœur tendre,gütiges Herz,cuore gentile,goede hart,доброе сердце,trái tim nhân hậu,善良的心,,,nan Herz,
sharp,acéré,scharfer,affilato,scherpe,острый,sắc,鋒利的,hook,crochet,Haken,uncino,haak,крюк,móc,鉤子,I saw the,J'ai vu le,Ich sah den,Ho visto l',Ik zag de,Я увидел,Tôi đã thấy cái,我看見了,sharp hook,crochet acéré,scharfer Haken,uncino affilato,scherpe haak,острый крюк,móc sắc,鋒利的鉤子,good hook,bon crochet,guter Haken,buon gancio
loud,bruyant,lautes,rumoroso,luide,громкий,to,响亮的,horn,klaxon,Horn,clacson,hoorn,рог,còi,喇叭,I saw the,J'ai vu le,Ich sah das,Ho visto il,Ik zag de,Я увидел,Tôi đã thấy cái,我看見了,loud horn,klaxon bruyant,lautes Horn,clacson rumoroso,luide hoorn,громкий рог,còi to,响亮的喇叭,,,,
fast,rapide,schnelles,veloce,snel,быстрая,nhanh,疾驰的,horse,cheval,Pferd,cavallo,paard,лошадь,ngựa,骏马,I saw the,J'ai vu le,Ich sah das,Ho visto il,Ik zag het,Я увидел,Tôi đã thấy con,我看見了,fast horse,cheval rapide,schnelles Pferd,cavallo veloce,snel paard,быстрая лошадь,ngựa nhanh,疾驰的骏马,,,,
modern,moderne,modernes,moderno,modern,современная,hiện đại,现代化的,hospital,hôpital,Krankenhaus,ospedale,ziekenhuis,больница,bệnh viện,医院,I saw the,J'ai vu l',Ich sah das,Ho visto l',Ik zag het,Я увидел,Tôi đã thấy,我看見了,modern hospital,hôpital moderne,modernes Krankenhaus,ospedale moderno,modern ziekenhuis,современная больница,bệnh viện hiện đại,现代化的医院,,,,
pink,rose,rosa,rosa,roze,розовый,màu hồng,粉红色的,house,maison,Haus,casa,huis,дом,ngôi nhà,房子,I saw the,J'ai vu la,Ich sah das,Ho visto la,Ik zag het,Я увидел,Tôi đã thấy,我看見了,pink house,maison rose,rosa Haus,casa rosa,roze huis,розовый дом,ngôi nhà màu hồng,粉红色的房子,,,,
remote,isolée,abgelegene,remota,afgelegen,отдаленный,xa xôi,偏远的,island,île,Insel,isola,eiland,остров,đảo,岛屿,I saw the,J'ai vu l',Ich sah die,Ho visto l',Ik zag het,Я увидел,Tôi đã thấy hòn,我看見了,remote island,île isolée,abgelegene Insel,isola remota,afgelegen eiland,отдаленный остров,đảo xa xôi,偏远的岛屿,,,,
precious,précieux,kostbares,prezioso,kostbaar,драгоценный,quý,珍貴的,jewel,bijou,Juwel,gioiello,juweel,камень,ngọc,寶石,I saw the,J'ai vu le,Ich sah das,Ho visto il,Ik zag het,Я увидел,Tôi đã thấy viên,我看見了,precious jewel,bijou précieux,kostbares Juwel,gioiello prezioso,kostbaar juweel,драгоценный камень,ngọc quý,珍貴的寶石,beautiful jewel,beau bijou,schönes Juwel,bellissimo gioiello
boiling,bouillante,kochender,bollente,kokende,кипящий,sôi,沸腾的,kettle,bouilloire,Kessel,bollitore,ketel,чайник,ấm,茶壶,I saw the,J'ai vu la,Ich sah den,Ho visto il,Ik zag de,Я увидел,Tôi đã thấy cái,我看見了,boiling kettle,bouilloire bouillante,kochender Kessel,bollitore bollente,kokende ketel,кипящий чайник,ấm sôi,沸腾的茶壶,,,,
golden,d'or,goldener,d,gouden,золотой,vàng,金色的,key,clé,Schlüssel,chiave,sleutel,ключ,chìa khóa,钥匙,I saw the,J'ai vu la,Ich sah den,Ho visto la,Ik zag de,Я увидел,Tôi đã thấy,我看見了,golden key,clé d'or,goldener Schlüssel,chiave d'oro,gouden sleutel,золотой ключ,chìa khóa vàng,金色的钥匙,,,,
bent,plié,gekrümmtes,piegato,gebogen,согнутое,cong,弯曲的,knee,genou,Knie,ginocchio,knie,колено,đầu gối,膝盖,I saw the,J'ai vu le,Ich sah das,Ho visto il,Ik zag de,Я увидел,Tôi đã thấy cái,我看見了,bent knee,genou plié,gekrümmtes Knie,ginocchio piegato,gebogen knie,согнутое колено,đầu gối cong,弯曲的膝盖,,,,
sharp,acéré,scharfes,affilato,scherp,острый,sắc,锋利的,knife,couteau,Messer,coltello,mes,нож,dao,刀刃,I saw the,J'ai vu le,Ich sah das,Ho visto il,Ik zag het,Я увидел,Tôi đã thấy con,我看見了,sharp knife,couteau acéré,scharfes Messer,coltello affilato,scherp mes,острый нож,dao sắc,锋利的刀刃,,,,
tight,serré,fester,stretto,strakke,крепкий,chặt,緊,knot,nœud,Knoten,nodo,knoop,узел,nút thắt,結,I saw the,J'ai vu le,Ich sah den,Ho visto il,Ik zag de,Я увидел,Tôi đã thấy,我看見了,tight knot,nœud serré,fester Knoten,nodo stretto,strakke knoop,крепкий узел,nút thắt chặt,緊結,beautiful knot,beau nœud,schöner Knoten,bellissimo nodo
green,verte,grünes,verde,groen,зеленый,xanh,绿,leaf,feuille,Blatt,foglia,blad,лист,lá,叶,I saw the,J'ai vu la,Ich sah das,Ho visto la,Ik zag het,Я увидел,Tôi đã thấy chiếc,我看見了,green leaf,feuille verte,grünes Blatt,foglia verde,groen blad,зеленый лист,lá xanh,绿叶,,,,
strong,forte,starkes,forte,sterke,сильная,chắc,强健的,leg,jambe,Bein,gamba,been,нога,chân,腿,I saw the,J'ai vu la,Ich sah das,Ho visto la,Ik zag het,Я увидел,Tôi đã thấy đôi,我看見了,strong leg,jambe forte,starkes Bein,gamba forte,sterke been,сильная нога,chân chắc,强健的腿,,,,
quiet,silencieuse,ruhige,silenziosa,stille,тихая,yên tĩnh,安静的,library,bibliothèque,Bibliothek,biblioteca,bibliotheek,библиотека,thư viện,图书馆,I saw the,J'ai vu la,Ich sah die,Ho visto la,Ik zag de,Я увидел,Tôi đã thấy,我看見了,quiet library,bibliothèque silencieuse,ruhige Bibliothek,biblioteca silenziosa,stille bibliotheek,тихая библиотека,thư viện yên tĩnh,安静的图书馆,,,,
straight,droite,gerade,retta,rechte,прямая,thẳng,笔直的,line,ligne,Linie,linea,lijn,линия,đường,线条,I saw the,J'ai vu la,Ich sah die,Ho visto la,Ik zag de,Я увидел,Tôi đã thấy,我看見了,straight line,ligne droite,gerade Linie,linea retta,rechte lijn,прямая линия,đường thẳng,笔直的线条,,,,
red,rouge,rote,rosse,rode,красная,đỏ,红,lip,lèvre,Lippe,labbra,lip,губа,môi,唇,I saw the,J'ai vu la,Ich sah die,Ho visto la,Ik zag de,Я увидел,Tôi đã thấy đôi,我看見了,red lip,lèvre rouge,rote Lippe,labbra rosse,rode lip,красные губы,môi đỏ,红唇,,,,
secure,sécurisée,sicheres,sicura,veilig,надежный,an toàn,安全的,lock,serrure,Schloss,serratura,slot,замок,khóa,锁,I saw the,J'ai vu la,Ich sah das,Ho visto la,Ik zag het,Я увидел,Tôi đã thấy cái,我看見了,secure lock,serrure sécurisée,sicheres Schloss,serratura sicura,veilig slot,надежный замок,khóa an toàn,安全的锁,,,,
detailed,détaillée,detaillierte,dettagliata,gedetailleerde,подробная,chi tiết,详细的,map,carte,Karte,mappa,kaart,карта,bản đồ,地图,I saw the,J'ai vu la,Ich sah die,Ho visto la,Ik zag de,Я увидел,Tôi đã thấy,我看見了,detailed map,carte détaillée,detaillierte Karte,mappa dettagliata,gedetailleerde kaart,подробная карта,bản đồ chi tiết,详细的地图,,,,
lit,allumée,angezündetes,acceso,aangestoken,зажженная,cháy,点燃的,match,allumette,Streichholz,fiammifero,lucifer,спичка,que diêm,火柴,I saw the,J'ai vu l',Ich sah das,Ho visto il,Ik zag de,Я увидел,Tôi đã thấy,我看見了,lit match,allumette allumée,angezündetes Streichholz,fiammifero acceso,aangestoken lucifer,зажженная спичка,que diêm cháy,点燃的火柴,,,,
playful,joueur,verspielter,giocosa,speelse,игривая,nghịch ngợm,顽皮的,monkey,singe,Affe,scimmia,aap,обезьяна,khỉ,猴子,I saw the,J'ai vu le,Ich sah den,Ho visto la,Ik zag de,Я увидел,Tôi đã thấy con,我看見了,playful monkey,singe joueur,verspielter Affe,scimmia giocosa,speelse aap,игривая обезьяна,khỉ nghịch ngợm,顽皮的猴子,,,,
white,blanche,weißer,bianca,witte,белая,trắng,白,moon,lune,Mond,luna,maan,луна,trăng,月,I saw the,J'ai vu la,Ich sah den,Ho visto la,Ik zag de,Я увидел,Tôi đã thấy vầng,我看見了,white moon,lune blanche,weißer Mond,luna bianca,witte maan,белая луна,trăng trắng,白月,big moon,bonne lune,großer Mond,grande luna
cold,froide,kalter,fredda,koude,холодный,lạnh,冰冷的,mouth,bouche,Mund,bocca,mond,рот,miệng,嘴,I saw the,J'ai vu la,Ich sah den,Ho visto la,Ik zag de,Я увидел,Tôi đã thấy cái,我看見了,cold mouth,bouche froide,kalter Mund,bocca fredda,koude mond,холодный рот,miệng lạnh,冰冷的嘴,,,,
strong,fort,starker,forte,sterke,сильная,mạnh mẽ,强健的,muscle,muscle,Muskel,muscolo,spier,мышца,cơ bắp,肌肉,I saw the,J'ai vu le,Ich sah den,Ho visto il,Ik zag de,Я увидел,Tôi đã thấy,我看見了,strong muscle,muscle fort,starker Muskel,muscolo forte,sterke spier,сильные мышцы,cơ bắp mạnh mẽ,强健的肌肉,,,,
rusty,rouillé,rostiger,arrugginito,roestige,ржавый,gỉ,生锈的,nail,clou,Nagel,chiodo,spijker,гвоздь,đinh,钉子,I saw the,J'ai vu le,Ich sah den,Ho visto il,Ik zag de,Я увидел,Tôi đã thấy cái,我看見了,rusty nail,clou rouillé,rostiger Nagel,chiodo arrugginito,roestige spijker,ржавый гвоздь,đinh gỉ,生锈的钉子,,,,
red,rouge,roter,rosso,rode,красная,đỏ,红,neck,cou,Hals,collo,nek,шея,cổ,脖子,I saw the,J'ai vu le,Ich sah den,Ho visto il,Ik zag de,Я увидел,Tôi đã thấy cái,我看見了,red neck,cou rouge,roter Hals,collo rosso,rode nek,красная шея,cổ đỏ,红脖子,,,,
sharp,pointue,scharfe,affilato,scherpe,острая,nhọn,锋利的,needle,aiguille,Nadel,ago,naald,игла,kim,针,I saw the,J'ai vu l',Ich sah die,Ho visto l',Ik zag de,Я увидел,Tôi đã thấy cái,我看見了,sharp needle,aiguille pointue,scharfe Nadel,ago affilato,scherpe naald,острая игла,kim nhọn,锋利的针,,,,
sensitive,sensible,empfindlicher,sensibile,gevoelige,чувствительный,nhạy cảm,敏感的,nerve,nerf,Nerv,nervo,zenuw,нерв,thần kinh,神经,I saw the,J'ai vu le,Ich sah den,Ho visto il,Ik zag de,Я увидел,Tôi đã thấy dây,我看見了,sensitive nerve,nerf sensible,empfindlicher Nerv,nervo sensibile,gevoelige zenuw,чувствительный нерв,thần kinh nhạy cảm,敏感的神经,,,,
sticky,collant,klebriges,adesiva,plakkerig,липкая,dính,黏性,net,filet,Netz,rete,net,сеть,lưới,網,I saw the,J'ai vu le,Ich sah das,Ho visto la,Ik zag het,Я увидел,Tôi đã thấy tấm,我看見了,sticky net,filet collant,klebriges Netz,rete adesiva,plakkerig net,липкая сеть,lưới dính,黏性網,old net,vieux filet,altes Netz,vecchia rete
round,rond,runde,tondo,ronde,круглый,tròn,圆,nose,nez,Nase,naso,neus,нос,mũi,鼻,I saw the,J'ai vu le,Ich sah die,Ho visto il,Ik zag de,Я увидел,Tôi đã thấy cái,我看見了,round nose,nez rond,runde Nase,naso tondo,ronde neus,круглый нос,mũi tròn,圆鼻,,,nan Nase,
hard,dure,harte,dura,harde,твердый,cứng,難纏的,nut,noix,Nuss,noce,noot,орех,hạt,傢伙,I saw the,J'ai vu la,Ich sah die,Ho visto la,Ik zag de,Я увидел,Tôi đã thấy,我看見了,hard nut,noix dure,harte Nuss,noce dura,harde noot,твердый орех,hạt cứng,難纏的傢伙,small nut,petite noix,kleine Nuss,piccola noce
busy,occupé,geschäftiges,affollato,druk,оживленный,bận rộn,繁忙的,office,bureau,Büro,ufficio,kantoor,офис,văn phòng,办公室,I saw the,J'ai vu le,Ich sah das,Ho visto l',Ik zag het,Я увидел,Tôi đã thấy,我看見了,busy office,bureau occupé,geschäftiges Büro,ufficio affollato,druk kantoor,оживленный офис,văn phòng bận rộn,繁忙的办公室,,,,
juicy,juteuse,saftige,succosa,sappige,сочный,ngọt ngào,多汁的,orange,orange,Orange,arancia,sinaasappel,апельсин,cam,橙子,I saw the,J'ai vu l',Ich sah die,Ho visto l',Ik zag de,Я увидел,Tôi đã thấy quả,我看見了,juicy orange,orange juteuse,saftige Orange,arancia succosa,sappige sinaasappel,сочный апельсин,cam ngọt ngào,多汁的橙子,,,,
hot,chaud,heißer,caldo,hete,горячая,nóng,熱,oven,four,Ofen,forno,oven,печь,lò nướng,烤箱,I saw the,J'ai vu le,Ich sah den,Ho visto il,Ik zag de,Я увидел,Tôi đã thấy cái,我看見了,hot oven,four chaud,heißer Ofen,forno caldo,hete oven,горячая печь,lò nướng nóng,熱烤箱,good oven,bon four,guter Ofen,buon forno
sealed,scellé,versiegeltes,sigillato,verzegeld,запечатанная,niêm phong,密封,parcel,colis,Paket,pacco,pakket,посылка,gói hàng,包裹,I saw the,J'ai vu le,Ich sah das,Ho visto il,Ik zag het,Я увидел,Tôi đã thấy,我看見了,sealed parcel,colis scellé,versiegeltes Paket,pacco sigillato,verzegeld pakket,запечатанная посылка,gói hàng niêm phong,密封包裹,bad parcel,mauvais colis,schlechtes Paket,cattivo pacco
blue,bleu,blauer,blu,blauwe,синяя,màu xanh,蓝色,pen,stylo,Stift,penna,pen,ручка,bút bi,钢笔,I saw the,J'ai vu le,Ich sah den,Ho visto la,Ik zag de,Я увидел,Tôi đã thấy cái,我看見了,blue pen,stylo bleu,blauer Stift,penna blu,blauwe pen,синяя ручка,bút bi màu xanh,蓝色钢笔,,,nan Stift,
sharp,pointu,spitzer,appuntita,scherpe,острый,nhọn,尖銳的,pencil,crayon,Bleistift,matita,potlood,карандаш,bút chì,鉛筆,I saw the,J'ai vu le,Ich sah den,Ho visto la,Ik zag het,Я увидел,Tôi đã thấy cái,我看見了,sharp pencil,crayon pointu,spitzer Bleistift,matita appuntita,scherpe potlood,острый карандаш,bút chì nhọn,尖銳的鉛筆,small pencil,petit crayon,kleiner Bleistift,piccola matita
dark,sombre,dunkles,scura,donkere,мрачная,tối,黑暗,picture,image,Bild,immagine,foto,картина,hình ảnh,圖像,I saw the,J'ai vu l',Ich sah das,Ho visto l',Ik zag de,Я увидел,Tôi đã thấy,我看見了,dark picture,image sombre,dunkles Bild,immagine scura,donkere foto,мрачная картина,hình ảnh tối,黑暗圖像,beautiful picture,belle image,schönes Bild,bella immagine
pink,rose,rosa,rosa,roze,розовая,hồng,粉紅,pig,cochon,Schwein,maiale,varken,свинья,lợn,豬,I saw the,J'ai vu le,Ich sah das,Ho visto la,Ik zag het,Я увидел,Tôi đã thấy con,我看見了,pink pig,cochon rose,rosa Schwein,maiale rosa,roze varken,розовая свинья,lợn hồng,粉紅豬,big pig,gros cochon,großes Schwein,grande maiale
sharp,acérée,spitze,appuntito,scherpe,острая,nhọn,尖锐的,pin,épingle,Nadel,spillo,speld,булавка,kim,钉子,I saw the,J'ai vu l',Ich sah die,Ho visto lo,Ik zag de,Я увидел,Tôi đã thấy cái,我看見了,sharp pin,épingle acérée,spitze Nadel,spillo appuntito,scherpe speld,острая булавка,kim nhọn,尖锐的钉子,,,,
broken,cassé,kaputtes,rotto,gebroken,сломанная,bị vỡ,断裂的,pipe,tuyau,Rohr,tubo,pijp,труба,ống,管道,I saw the,J'ai vu le,Ich sah das,Ho visto il,Ik zag de,Я увидел,Tôi đã thấy cái,我看見了,broken pipe,tuyau cassé,kaputtes Rohr,tubo rotto,gebroken pijp,сломанная труба,ống bị vỡ,断裂的管道,,,,
fast,rapide,schnelles,veloce,snel,быстрый,nhanh,高速,plane,avion,Flugzeug,aereo,vliegtuig,самолет,máy bay,飞机,I saw the,J'ai vu l',Ich sah das,Ho visto l',Ik zag het,Я увидел,Tôi đã thấy chiếc,我看見了,fast plane,avion rapide,schnelles Flugzeug,aereo veloce,snel vliegtuig,быстрый самолет,máy bay nhanh,高速飞机,,,,
clean,propre,sauberer,pulito,schone,чистая,sạch,干净的,plate,assiette,Teller,piatto,bord,тарелка,đĩa,盘子,I saw the,J'ai vu l',Ich sah den,Ho visto il,Ik zag het,Я увидел,Tôi đã thấy cái,我看見了,clean plate,assiette propre,sauberer Teller,piatto pulito,schone bord,чистая тарелка,đĩa sạch,干净的盘子,,,,
rusty,rouillée,rostiger,arrugginito,roestige,ржавый,gỉ,生锈的,plough,charrue,Pflug,aratro,ploeg,плуг,cày,犁,I saw the,J'ai vu la,Ich sah den,Ho visto l',Ik zag de,Я увидел,Tôi đã thấy cái,我看見了,rusty plough,charrue rouillée,rostiger Pflug,aratro arrugginito,roestige ploeg,ржавый плуг,cày gỉ,生锈的犁,,,,
deep,profonde,tiefe,profonda,diepe,глубокий,sâu,深,pocket,poche,Tasche,tasca,zak,карман,túi,口袋,I saw the,J'ai vu la,Ich sah die,Ho visto la,Ik zag de,Я увидел,Tôi đã thấy cái,我看見了,deep pocket,poche profonde,tiefe Tasche,tasca profonda,diepe zak,глубокий карман,túi sâu,深口袋,,,,
hot,chaud,heißer,calda,hete,горячий,nóng,热,pot,pot,Topf,pentola,pot,котел,nồi,锅,I saw the,J'ai vu la,Ich sah den,Ho visto la,Ik zag de,Я увидел,Tôi đã thấy cái,我看見了,hot pot,pot chaud,heißer Topf,pentola calda,hete pot,горячий котел,nồi nóng,热锅,,,,
baked,cuite,gebackene,cotta,gebakken,печеный,nướng,烤,potato,pomme de terre,Kartoffel,patata,aardappel,картофель,khoai tây,土豆,I saw the,J'ai vu la,Ich sah die,Ho visto la,Ik zag de,Я увидел,Tôi đã thấy củ,我看見了,baked potato,pomme de terre cuite,gebackene Kartoffel,patata cotta,gebakken aardappel,печеный картофель,khoai tây nướng,烤土豆,,,,
crowded,bondée,überfülltes,affollata,overvolle,переполненная,đông đúc,拥挤的,prison,prison,Gefängnis,prigione,gevangenis,тюрьма,nhà tù,监狱,I saw the,J'ai vu la,Ich sah das,Ho visto il,Ik zag de,Я увидел,Tôi đã thấy,我看見了,crowded prison,prison bondée,überfülltes Gefängnis,prigione affollata,overvolle gevangenis,переполненная тюрьма,nhà tù đông đúc,拥挤的监狱,,,,
manual,manuelle,handbetriebene,manuale,handmatige,ручной,thủ công,手动,pump,pompe,Pumpe,pompa,pomp,насос,bơm,泵,I saw the,J'ai vu la,Ich sah die,Ho visto la,Ik zag de,Я увидел,Tôi đã thấy cái,我看見了,manual pump,pompe manuelle,handbetriebene Pumpe,pompa manuale,handmatige pomp,ручной насос,bơm thủ công,手动泵,,,,
metal,métallique,metallene,metallico,metalen,металлическая,kim loại,金属,rail,rail,Scheine,binario,rail,рельса,ray,轨道,I saw the,J'ai vu le,Ich sah die,Ho visto il,Ik zag de,Я увидел,Tôi đã thấy thanh,我看見了,metal rail,rail métallique,metallene Scheine,binario metallico,metalen rail,металлическая рельса,ray kim loại,金属轨道,,,,
dirty,sale,schmutzige,sporco,vuile,грязная,bẩn,肮脏的,rat,rat,Ratte,topo,rat,крыса,chuột,老鼠,I saw the,J'ai vu le,Ich sah die,Ho visto il,Ik zag de,Я увидел,Tôi đã thấy con,我看見了,dirty rat,rat sale,schmutzige Ratte,topo sporco,vuile rat,грязная крыса,chuột bẩn,肮脏的老鼠,,,,
thin,mince,dünner,sottile,dunne,тонкий,nhỏ,薄型,receipt,reçu,Beleg,scontrino,bon,чек,phiếu thu,收據,I saw the,J'ai vu le,Ich sah den,Ho visto lo,Ik zag de,Я увидел,Tôi đã thấy tờ,我看見了,thin receipt,reçu mince,dünner Beleg,scontrino sottile,dunne bon,тонкий чек,phiếu thu nhỏ,薄型收據,old receipt,ancien reçu,alter Beleg,vecchia ricevuta
gold,d'or,goldener,d,gouden,золотое,vàng,金,ring,anneau,Ring,anello,ring,кольцо,nhẫn,戒指,I saw the,J'ai vu la,Ich sah den,Ho visto l',Ik zag de,Я увидел,Tôi đã thấy chiếc,我看見了,gold ring,anneau d'or,goldener Ring,anello d'oro,gouden ring,золотое кольцо,nhẫn vàng,金戒指,bad ring,mauvaise anneau,schlechter Ring,brutto anello
thin,fine,dünner,sottile,dunne,тонкий,mỏng,细长,rod,tige,Stab,asta,staaf,стержень,que,杆,I saw the,J'ai vu la,Ich sah den,Ho visto l',Ik zag de,Я увидел,Tôi đã thấy cái,我看見了,thin rod,tige fine,dünner Stab,asta sottile,dunne staaf,тонкий стержень,que mỏng,细长杆,,,nan Stab,
tiled,carrelé,ziegelgedecktes,di,panen,черепичная,lợp ngói,瓦片,roof,toit,Dach,tetto,dak,крыша,mái,屋顶,I saw the,J'ai vu le,Ich sah das,Ho visto il,Ik zag het,Я увидел,Tôi đã thấy,我看見了,tiled roof,toit carrelé,ziegelgedecktes Dach,tetto di tegole,pannen dak,черепичная крыша,mái lợp ngói,瓦片屋顶,,,nan Dach,
deep,profonde,tiefe,profonda,diepe,глубокий,sâu,深植,root,racine,Wurzel,radice,wortel,корень,rễ,根,I saw the,J'ai vu la,Ich sah die,Ho visto la,Ik zag de,Я увидел,Tôi đã thấy,我看見了,deep root,racine profonde,tiefe Wurzel,radice profonda,diepe wortel,глубокий корень,rễ sâu,深植根,,,nan Wurzel,
white,blanche,weißes,bianca,wit,белый,trắng,白,sail,voile,Segel,vela,zeil,парус,cánh buồm,帆,I saw the,J'ai vu la,Ich sah das,Ho visto la,Ik zag het,Я увидел,Tôi đã thấy,我看見了,white sail,voile blanche,weißes Segel,vela bianca,wit zeil,белый парус,cánh buồm trắng,白帆,,,nan Segel,
important,école,große,importante,grote,большая,quan trọng,重要,school,grande,Schule,scuola,school,школа,trường học,學校,I saw the,J'ai vu l',Ich sah die,Ho visto la,Ik zag de,Я увидел,Tôi đã thấy,我看見了,important school,école importante,große Schule,scuola importante,belangrijke school,большая школа,trường học quan trọng,重要學校,big school,grande grande,große Schule,grande scuola
sharp,acérés,scharfe,affilate,scherpe,острые,sắc,鋒利的,scissors,ciseaux,Schere,forbici,schaar,ножницы,kéo,剪刀,I saw the,J'ai vu les,Ich sah die,Ho visto i,Ik zag de,Я увидел,Tôi đã thấy cái,我看見了,sharp scissors,ciseaux acérés,scharfe Schere,forbici affilate,scherpe schaar,острые ножницы,kéo sắc,鋒利的剪刀,new scissors,nouveaux ciseaux,neue Schere,nuove forbici
loose,desserrée,lose,allentata,losse,ослабленный,lỏng,松动的,screw,vis,Schraube,vite,schroef,винт,ốc vít,螺丝,I saw the,J'ai vu la,Ich sah die,Ho visto la,Ik zag de,Я увидел,Tôi đã thấy cái,我看見了,loose screw,vis desserrée,lose Schraube,vite allentata,losse schroef,ослабленный винт,ốc vít lỏng,松动的螺丝,,,,
green,verte,grüner,verde,groen,зеленое,xanh,绿色的,seed,graine,Samen,seme,zaadje,семя,hạt giống,种子,I saw the,J'ai vu la,Ich sah den,Ho visto il,Ik zag het,Я увидел,Tôi đã thấy,我看見了,green seed,graine verte,grüner Samen,seme verde,groen zaadje,зеленое семя,hạt giống xanh,绿色的种子,,,,
white,blanc,weißes,bianca,wit,белая,trắng,白色的,sheep,mouton,Schaf,pecora,schaap,овца,cừu,绵羊,I saw the,J'ai vu le,Ich sah das,Ho visto la,Ik zag het,Я увидел,Tôi đã thấy con,我看見了,white sheep,mouton blanc,weißes Schaf,pecora bianca,wit schaap,белая овца,cừu trắng,白色的绵羊,,,,
high,haute,hohes,alto,hoge,высокая,cao,高高的,shelf,étagère,Regal,ripiano,plank,полка,kệ,架子,I saw the,J'ai vu l',Ich sah das,Ho visto il,Ik zag de,Я увидел,Tôi đã thấy cái,我看見了,high shelf,étagère haute,hohes Regal,ripiano alto,hoge plank,высокая полка,kệ cao,高高的架子,,,,
wooden,en bois,hölzernes,di,houten,деревянный,gỗ,木头做的,ship,bateau,Schiff,nave,schip,корабль,tàu,船,I saw the,J'ai vu le,Ich sah das,Ho visto la,Ik zag het,Я увидел,Tôi đã thấy con,我看見了,wooden ship,bateau en bois,hölzernes Schiff,nave di legno,houten schip,деревянный корабль,tàu gỗ,木头做的船,,,,
clean,propre,sauberes,pulita,schoon,чистая,sạch,干净的,shirt,chemise,Hemd,camicia,shirt,рубашка,áo sơ mi,衬衫,I saw the,J'ai vu la,Ich sah das,Ho visto la,Ik zag het,Я увидел,Tôi đã thấy cái,我看見了,clean shirt,chemise propre,sauberes Hemd,camicia pulita,schoon shirt,чистая рубашка,áo sơ mi sạch,干净的衬衫,,,,
worn,usée,abgetragener,consumata,versleten,изношенная,cũ,穿旧的,shoe,chaussure,Schuh,scarpa,schoen,обувь,giày,鞋子,I saw the,J'ai vu la,Ich sah den,Ho visto la,Ik zag de,Я увидел,Tôi đã thấy đôi,我看見了,worn shoe,chaussure usée,abgetragener Schuh,scarpa consumata,versleten schoen,изношенная обувь,giày cũ,穿旧的鞋子,,,,
smooth,lisse,glatte,liscia,gladde,гладкая,mịn,光滑的,skin,peau,Haut,pelle,huid,кожа,da,皮肤,I saw the,J'ai vu la,Ich sah die,Ho visto la,Ik zag de,Я увидел,Tôi đã thấy làn,我看見了,smooth skin,peau lisse,glatte Haut,pelle liscia,gladde huid,гладкая кожа,da mịn,光滑的皮肤,,,,
short,courte,kurzer,corta,korte,короткая,ngắn,短,skirt,jupe,Rock,gonna,rok,юбка,váy,裙,I saw the,J'ai vu la,Ich sah den,Ho visto la,Ik zag de,Я увидел,Tôi đã thấy chiếc,我看見了,short skirt,jupe courte,kurzer Rock,gonna corta,korte rok,короткая юбка,váy ngắn,短裙,,,,
poisonous,venimeux,giftige,velenoso,giftige,ядовитая,độc,毒,snake,serpent,Schlange,serpente,slang,змея,rắn,蛇,I saw the,J'ai vu le,Ich sah die,Ho visto il,Ik zag de,Я увидел,Tôi đã thấy con,我看見了,poisonous snake,serpent venimeux,giftige Schlange,serpente velenoso,giftige slang,ядовитая змея,rắn độc,毒蛇,,,,
dirty,sale,schmutzige,sporco,vuile,грязный,bẩn,髒,sock,chaussette,Socke,calzino,sok,носок,vớ,襪子,I saw the,J'ai vu la,Ich sah die,Ho visto il,Ik zag de,Я увидел,Tôi đã thấy đôi,我看見了,dirty sock,chaussette sale,schmutzige Socke,calzino sporco,vuile sok,грязный носок,vớ bẩn,髒襪子,new sock,nouvelle chaussette,neue Socke,nuovo calzino
metal,en métal,metallene,di,metalen,металлическая,kim loại,金属,spade,bêche,Schaufel,vanga,spade,лопата,xẻng,铲,I saw the,J'ai vu la,Ich sah die,Ho visto la,Ik zag de,Я увидел,Tôi đã thấy cái,我看見了,metal spade,bêche en métal,metallene Schaufel,vanga di metallo,metalen spade,металлическая лопата,xẻng kim loại,金属铲,,,nan Schaufel,
wet,humide,feuchter,bagnata,natte,мокрая,ướt,湿,sponge,éponge,Schwamm,spugna,spons,губка,bọt biển,海绵,I saw the,J'ai vu l',Ich sah den,Ho visto la,Ik zag de,Я увидел,Tôi đã thấy miếng,我看見了,wet sponge,éponge humide,feuchter Schwamm,spugna bagnata,natte spons,мокрая губка,bọt biển ướt,湿海绵,,,nan Schwamm,
silver,en argent,silberner,d,zilveren,серебряная,bạc,银,spoon,cuillère,Löffel,cucchiaio,lepel,ложка,thìa,勺,I saw the,J'ai vu la,Ich sah den,Ho visto il,Ik zag de,Я увидел,Tôi đã thấy cái,我看見了,silver spoon,cuillère en argent,silberner Löffel,cucchiaio d'argento,zilveren lepel,серебряная ложка,thìa bạc,银勺,,,nan Löffel,
warm,chaud,warme,calda,warme,теплый,ấm áp,暖,spring,printemps,Quelle,primavera,bron,источник,mùa xuân,春,I saw the,J'ai vu le,Ich sah die,Ho visto la,Ik zag de,Я увидел,Tôi đã thấy,我看見了,warm spring,printemps chaud,warme Quelle,primavera calda,warme bron,теплый источник,mùa xuân ấm áp,暖春,new spring,vieux printemps,neue Quelle,nuova primavera
central,centrale,zentraler,centrale,centraal,центральная,trung tâm,中央,square,place,Platz,piazza,plein,площадь,quảng trường,廣場,I saw the,J'ai vu la,Ich sah den,Ho visto la,Ik zag het,Я увидел,Tôi đã thấy,我看見了,central square,place centrale,zentraler Platz,piazza centrale,centraal plein,центральная площадь,quảng trường trung tâm,中央廣場,good square,bonne place,guter Platz,buona piazza
used,utilisé,gebrauchte,usato,gebruikte,использованная,đã sử dụng,用过的,stamp,timbre,Briefmarke,francobollo,postzegel,марка,tem,邮票,I saw the,J'ai vu le,Ich sah die,Ho visto il,Ik zag de,Я увидел,Tôi đã thấy con,我看見了,used stamp,timbre utilisé,gebrauchte Briefmarke,francobollo usato,gebruikte postzegel,использованная марка,tem đã sử dụng,用过的邮票,,,,
bright,brillante,heller,luminosa,heldere,яркая,sáng,明亮的,star,étoile,Stern,stella,ster,звезда,ngôi sao,星,I saw the,J'ai vu l',Ich sah den,Ho visto la,Ik zag de,Я увидел,Tôi đã thấy,我看見了,bright star,étoile brillante,heller Stern,stella luminosa,heldere ster,яркая звезда,ngôi sao sáng,明亮的星,,,,
busy,occupée,belebter,affollata,druk,оживленная,nhộn nhịp,繁忙的,station,gare,Bahnhof,stazione,station,станция,ga xe buýt,车站,I saw the,J'ai vu la,Ich sah den,Ho visto la,Ik zag het,Я увидел,Tôi đã thấy,我看見了,busy station,gare occupée,belebter Bahnhof,stazione affollata,druk station,оживленная станция,ga xe buýt nhộn nhịp,繁忙的车站,,,,
green,verte,grüner,verde,groene,зеленый,xanh,绿色的,stem,tige,Stiel,gambo,stengel,стебель,cành,茎,I saw the,J'ai vu la,Ich sah den,Ho visto il,Ik zag de,Я увидел,Tôi đã thấy,我看見了,green stem,tige verte,grüner Stiel,gambo verde,groene stengel,зеленый стебель,cành xanh,绿色的茎,,,,
dry,sec,trockener,secco,droge,сухая,khô,乾枯的,stick,bâton,Stock,bastone,stok,палка,cây,樹枝,I saw the,J'ai vu le,Ich sah den,Ho visto il,Ik zag de,Я увидел,Tôi đã thấy,我看見了,dry stick,bâton sec,trockener Stock,bastone secco,droge stok,сухая палка,cây khô,乾枯的樹枝,old stick,vieille bâton,alter Stock,vecchio bastone
black,noir,schwarzer,nera,zwarte,черный,đen,黑,stocking,bas,Strumpf,calza,kous,чулок,vớ,丝袜,I saw the,J'ai vu le,Ich sah den,Ho visto la,Ik zag de,Я увидел,Tôi đã thấy đôi,我看見了,black stocking,bas noir,schwarzer Strumpf,calza nera,zwarte kous,черный чулок,vớ đen,黑丝袜,,,,
local,local,lokaler,locale,plaatselijke,местный,địa phương,本地,store,magasin,Laden,negozio,winkel,магазин,cửa hàng,商店,I saw the,J'ai vu le,Ich sah den,Ho visto il,Ik zag de,Я увидел,Tôi đã thấy,我看見了,local store,magasin local,lokaler Laden,negozio locale,plaatselijke winkel,местный магазин,cửa hàng địa phương,本地商店,big store,grand magasin,großer Laden,grande negozio
quiet,tranquille,ruhige,tranquilla,rustige,тихая,yên tĩnh,寧靜的,street,rue,Straße,strada,straat,улица,đường,街道,I saw the,J'ai vu la,Ich sah die,Ho visto la,Ik zag de,Я увидел,Tôi đã thấy con,我看見了,quiet street,rue tranquille,ruhige Straße,strada tranquilla,rustige straat,тихая улица,đường yên tĩnh,寧靜的街道,old street,vieille rue,alte Straße,vecchia strada
hot,chaud,heiße,caldo,hete,жаркое,chói chang,烈,sun,soleil,Sonne,sole,zon,солнце,mặt trời,太阳,I saw the,J'ai vu le,Ich sah die,Ho visto il,Ik zag de,Я увидел,Tôi đã thấy mặt trời chói chang,我看見了,hot sun,soleil chaud,heiße Sonne,sole caldo,hete zon,жаркое солнце,Mặt trời chói chang,烈太阳,,,,
round,ronde,runder,rotondo,ronde,круглый,tròn,圆,table,table,Tisch,tavolo,tafel,стол,bàn,桌,I saw the,J'ai vu la,Ich sah den,Ho visto il,Ik zag de,Я увидел,Tôi đã thấy cái,我看見了,round table,table ronde,runder Tisch,tavolo rotondo,ronde tafel,круглый стол,bàn tròn,圆桌,,,,
fluffy,duveteuse,flauschiger,soffice,pluizige,пушистый,mềm mại,蓬鬆的,tail,queue,Schwanz,coda,staart,хвост,đuôi,尾巴,I saw the,J'ai vu la,Ich sah den,Ho visto la,Ik zag de,Я увидел,Tôi đã thấy cái,我看見了,fluffy tail,queue duveteuse,flauschiger Schwanz,coda soffice,pluizige staart,пушистый хвост,đuôi mềm mại,蓬鬆的尾巴,long tail,longue queue,langer Schwanz,coda lunga
thin,fin,dünner,sottile,dunne,тонкая,mảnh,細,thread,fil,Faden,filo,draad,нить,sợi chỉ,線,I saw the,J'ai vu le,Ich sah den,Ho visto il,Ik zag de,Я увидел,Tôi đã thấy,我看見了,thin thread,fil fin,dünner Faden,filo sottile,dunne draad,тонкая нить,sợi chỉ mảnh,細線,new thread,nouveau fil,neuer Faden,nuovo filo
red,rouge,rote,rossa,rode,красное,đỏ,红,throat,gorge,Kehle,gola,keel,горло,họng,喉咙,I saw the,J'ai vu la,Ich sah die,Ho visto la,Ik zag de,Я увидел,Tôi đã thấy cái,我看見了,red throat,gorge rouge,rote Kehle,gola rossa,rode keel,красное горло,họng đỏ,红喉咙,,,,
beige,beige,beiger,beige,beige,бежевый,màu be,米色,thumb,pouce,Daumen,pollice,duim,большой палец,ngón tay,拇指,I saw the,J'ai vu le,Ich sah den,Ho visto il,Ik zag de,Я увидел,Tôi đã thấy,我看見了,beige thumb,pouce beige,beiger Daumen,pollice beige,beige duim,бежевый большой палец,ngón tay màu be,米色拇指,,,,
valid,valide,gültiges,valido,geldig,действительный,hợp lệ,有效,ticket,ticket,Ticket,biglietto,ticket,билет,vé,车票,I saw the,J'ai vu le,Ich sah das,Ho visto il,Ik zag het,Я увидел,Tôi đã thấy tấm,我看見了,valid ticket,ticket valide,gültiges Ticket,biglietto valido,geldig ticket,действительный билет,vé hợp lệ,有效车票,,,,
short,court,kurze,corte,korte,короткий,ngắn,短,toe,orteil,Zehe,dita,teen,палец,ngón chân,脚趾,I saw the,J'ai vu le,Ich sah die,Ho visto la,Ik zag de,Я увидел,Tôi đã thấy,我看見了,short toe,orteil court,kurze Zehe,dita corte,korte teen,короткий палец,ngón chân ngắn,短脚趾,,,,
wet,mouillée,feuchte,bagnata,natte,мокрый,ướt,湿,tongue,langue,Zunge,lingua,tong,язык,lưỡi,舌头,I saw the,J'ai vu la,Ich sah die,Ho visto la,Ik zag de,Я увидел,Tôi đã thấy cái,我看見了,wet tongue,langue mouillée,feuchte Zunge,lingua bagnata,natte tong,мокрый язык,lưỡi ướt,湿舌头,,,,
white,blanche,weißer,bianco,witte,белый,trắng,白,tooth,dent,Zahn,dente,tand,зуб,răng,牙,I saw the,J'ai vu la,Ich sah den,Ho visto il,Ik zag de,Я увидел,Tôi đã thấy hàm,我看見了,white tooth,dent blanche,weißer Zahn,dente bianco,witte tand,белый зуб,răng trắng,白牙,old tooth,vieille dent,alter Zahn,vecchio dente
industrial,industrielle,industrielle,industriale,industrieel,промышленный,công nghiệp,工业,town,ville,Stadt,città,stadje,город,thị trấn,城镇,I saw the,J'ai vu la,Ich sah die,Ho visto la,Ik zag het,Я увидел,Tôi đã thấy,我看見了,industrial town,ville industrielle,industrielle Stadt,città industriale,industrieel stadje,промышленный город,thị trấn công nghiệp,工业城镇,,,,
fast,rapide,schneller,veloce,snelle,скоростной,cao tốc,高速,train,train,Zug,treno,trein,поезд,tàu,列车,I saw the,J'ai vu le,Ich sah den,Ho visto il,Ik zag de,Я увидел,Tôi đã thấy con,我看見了,fast train,train rapide,schneller Zug,treno veloce,snelle trein,скоростной поезд,tàu cao tốc,高速列车,,,,
metal,métallique,metallenes,di,metalen,металлический,kim loại,金属,tray,plateau,Tablett,vassoio,dienblad,поднос,khay,托盘,I saw the,J'ai vu le,Ich sah das,Ho visto il,Ik zag het,Я увидел,Tôi đã thấy cái,我看見了,metal tray,plateau métallique,metallenes Tablett,vassoio di metallo,metalen dienblad,металлический поднос,khay kim loại,金属托盘,,,,
dry,sec,trockener,secco,droge,сухое,khô,枯,tree,arbre,Baum,albero,boom,дерево,cây,树,I saw the,J'ai vu l',Ich sah den,Ho visto l',Ik zag de,Я увидел,Tôi đã thấy,我看見了,dry tree,arbre sec,trockener Baum,albero secco,droge boom,сухое дерево,cây khô,枯树,,,,
blue,bleu,blaue,blu,blauwe,синие,xanh,蓝色,trousers,pantalon,Hose,pantaloni,broek,брюки,quần,裤子,I saw the,J'ai vu le,Ich sah die,Ho visto i,Ik zag de,Я увидел,Tôi đã thấy cái,我看見了,blue trousers,pantalon bleu,blaue Hose,pantaloni blu,blauwe broek,синие брюки,quần xanh,蓝色裤子,,,,
folded,plié,zusammengeklappter,piegato,opgevouwen,сложенный,gấp,摺疊,umbrella,parapluie,Regenschirm,ombrello,paraplu,зонт,ô,傘,I saw the,J'ai vu le,Ich sah den,Ho visto l',Ik zag de,Я увидел,Tôi đã thấy cái,我看見了,folded umbrella,parapluie plié,zusammengeklappter Regenschirm,ombrello piegato,opgevouwen paraplu,сложенный зонт,ô gấp,摺疊傘,new umbrella,nouveau parapluie,neuer Regenschirm,nuovo ombrello
thick,épais,dicke,spesso,dikke,толстая,dày,厚,wall,mur,Wand,muro,muur,стена,tường,牆,I saw the,J'ai vu le,Ich sah die,Ho visto il,Ik zag de,Я увидел,Tôi đã thấy bức,我看見了,thick wall,mur épais,dicke Wand,muro spesso,dikke muur,толстая стена,tường dày,厚牆,old wall,vieux mur,alte Wand,vecchio muro
expensive,coûteuse,teure,costoso,duur,дорогой,đắt tiền,昂贵的,watch,montre,Uhr,orologio,horloge,часы,đồng hồ,手表,I saw the,J'ai vu la,Ich sah die,Ho visto l',Ik zag het,Я увидел,Tôi đã thấy cái,我看見了,expensive watch,montre coûteuse,teure Uhr,orologio costoso,duur horloge,дорогой часы,đồng hồ đắt tiền,昂贵的手表,,,,
round,ronde,rundes,rotonda,rond,круглое,tròn,圓形,wheel,roue,Rad,ruota,wiel,колесо,bánh xe,輪子,I saw the,J'ai vu la,Ich sah das,Ho visto la,Ik zag het,Я увидел,Tôi đã thấy,我看見了,round wheel,roue ronde,rundes Rad,ruota rotonda,rond wiel,круглое колесо,bánh xe tròn,圓形輪子,new wheel,nouvelle roue,neues Rad,nuova ruota
taut,tendu,straffe,tesa,strakke,натянутый,căng,紧绷的,whip,fouet,Peitsche,frusta,zweep,хлыст,dây roi,鞭子,I saw the,J'ai vu le,Ich sah die,Ho visto la,Ik zag de,Я увидел,Tôi đã thấy sợi,我看見了,taut whip,fouet tendu,straffe Peitsche,frusta tesa,strakke zweep,натянутый хлыст,dây roi căng,紧绷的鞭子,,,,
shrill,strident,schrille,acuto,schelle,пронзительный,chói tai,尖锐的,whistle,sifflet,Pfeife,fischio,fluit,свисток,tiếng còi,哨声,I saw the,J'ai vu le,Ich sah die,Ho visto il,Ik zag het,Я увидел,Tôi đã thấy,我看見了,shrill whistle,sifflet strident,schrille Pfeife,fischio acuto,schelle fluit,пронзительный свисток,tiếng còi chói tai,尖锐的哨声,,,,
open,ouverte,offenes,aperta,open,открытое,mở,敞开的,window,fenêtre,Fenster,finestra,raam,окно,cửa sổ,窗户,I saw the,J'ai vu la,Ich sah das,Ho visto la,Ik zag het,Я увидел,Tôi đã thấy,我看見了,open window,fenêtre ouverte,offenes Fenster,finestra aperta,open raam,открытое окно,cửa sổ mở,敞开的窗户,,,,
broken,cassée,gebrochener,spezzata,gebroken,сломанное,gãy,折断的,wing,aile,Flügel,ala,vleugel,крыло,cánh,翅膀,I saw the,J'ai vu l',Ich sah den,Ho visto l',Ik zag de,Я увидел,Tôi đã thấy cái,我看見了,broken wing,aile cassée,gebrochener Flügel,ala spezzata,gebroken vleugel,сломанное крыло,cánh gãy,折断的翅膀,,,,
thin,fin,dünner,sottile,dunne,тонкая,mỏng,细细的,wire,fil,Draht,filo,draad,проволока,dây,铁丝,I saw the,J'ai vu le,Ich sah den,Ho visto il,Ik zag de,Я увидел,Tôi đã thấy sợi,我看見了,thin wire,fil fin,dünner Draht,filo sottile,dunne draad,тонкая проволока,dây mỏng,细细的铁丝,,,,
slimy,visqueux,schleimiger,viscido,slijmerige,слизистый,nhớt,黏糊糊的,worm,ver,Wurm,verme,worm,червь,sâu,虫子,I saw the,J'ai vu le,Ich sah den,Ho visto il,Ik zag de,Я увидел,Tôi đã thấy con,我看見了,slimy worm,ver visqueux,schleimiger Wurm,verme viscido,slijmerige worm,слизистый червь,sâu nhớt,黏糊糊的虫子,,,,