object-eng,verb-eng,subject-eng,past_simple-eng,past_participle-eng,subject_article-ger,subject_noun-ger,auxiliary-ger,object_article-ger,object_noun-ger,past_participle-ger,verb-ger,praeteritum-ger,phrase_simple-eng,phrase_participle-eng,phrase_praeteritum-ger,phrase_participle-ger,phrase-ger-cutoff_after_subject_noun,phrase_cutoff_after_auxiliary-ger,phrase-ger-cutoff_after_object_noun,phrase-empty,phrase-fre,phrase_cutoff_after_auxiliary-fre,subject_article-fre,subject_noun-fre,past_participle-fre,object_article-fre,object_noun-fre
angle,measure,mathematician,measured,measured,Der,Mathematiker,hat,den,Winkel,gemessen,messen,maß,The mathematician measured the angle,The mathematician has measured the angle,Der Mathematiker maß den Winkel,Der Mathematiker hat den Winkel gemessen,Der Mathematiker,Der Mathematiker hat,Der Mathematiker hat den Winkel,,Le mathématicien a mesuré l'angle,Le mathématicien a,Le,mathématicien,mesuré,l',angle
ant,kill,spider,killed,killed,Die,Spinne,hat,die,Ameise,getötet,töten,tötete,The spider killed the ant,The spider has killed the ant,Die Spinne tötete die Ameise,Die Spinne hat die Ameise getötet,Die Spinne,Die Spinne hat,Die Spinne hat die Ameise,,L'araignée a tué la fourmi,L'araignée a,L',araignée,tué,la,fourmi
apple,eat,boy,ate,eaten,Der,Junge,hat,den,Apfel,gegessen,essen,aß,The boy ate the apple,The boy has eaten the apple,Der Junge aß den Apfel,Der Junge hat den Apfel gegessen,Der Junge,Der Junge hat,Der Junge hat den Apfel,,Le garçon a mangé la pomme,Le garçon a,Le,garçon,mangé,la,pomme
arch,build,architect,built,built,Der,Architekt,hat,den,Bogen,gebaut,bauen,baute,The architect built the arch,The architect has built the arch,Der Architekt baute den Bogen,Der Architekt hat den Bogen gebaut,Der Architekt,Der Architekt hat,Der Architekt hat den Bogen,,L'architecte a construit l'arche,L'architecte a,L',architecte,construit,l',arche
arm,grab,man,grabbed,grabbed,Der,Mann,hat,den,Arm,gepackt,packen,packte,The man grabbed the arm,The man has grabbed the arm,Der Mann packte den Arm,Der Mann hat den Arm gepackt,Der Mann,Der Mann hat,Der Mann hat den Arm,,L'homme a attrapé le bras,L'homme a,L',homme,attrapé,le,bras
army,attack,general,attacked,attacked,Der,General,hat,die,Armee,angegriffen,angreifen,griff,The general attacked the army,The general has attacked the army,Der General griff die Armee an,Der General hat die Armee angegriffen,Der General,Der General hat,Der General hat die Armee,,Le général a attaqué l'armée,Le général a,Le,général,attaqué,l',armée
baby,hold,mother,held,held,Die,Mutter,hat,das,Baby,gehalten,halten,hielt,The mother held the baby,The mother has held the baby,Die Mutter hielt das Baby,Die Mutter hat das Baby gehalten,Die Mutter,Die Mutter hat,Die Mutter hat das Baby,,La mère a tenu le bébé,La mère a,La,mère,tenu,le,bébé
bag,fill,worker,filled,filled,Der,Arbeiter,hat,die,Tasche,gefüllt,füllen,füllte,The worker filled the bag,The worker has filled the bag,Der Arbeiter füllte die Tasche,Der Arbeiter hat die Tasche gefüllt,Der Arbeiter,Der Arbeiter hat,Der Arbeiter hat die Tasche,,L'ouvrier a rempli le sac,L'ouvrier a,L',ouvrier,rempli,le,sac
ball,kick,sportsman,kicked,kicked,Der,Sportler,hat,den,Ball,getreten,treten,trat,The sportsman kicked the ball,The sportsman has kicked the ball,Der Sportler trat den Ball,Der Sportler hat den Ball getreten,Der Sportler,Der Sportler hat,Der Sportler hat den Ball,,Le sportif a frappé le ballon,Le sportif a,Le,sportif,frappé,le,ballon
band,stretch,jogger,stretched,stretched,Der,Jogger,hat,das,Band,gedehnt,dehnen,dehnte,The jogger stretched the band,The jogger has stretched the band,Der Jogger dehnte das Band,Der Jogger hat das Band gedehnt,Der Jogger,Der Jogger hat,Der Jogger hat das Band,,Le jogger a étiré la bande,Le jogger a,Le,jogger,étiré,la,bande
basin,clean,janitor,cleaned,cleaned,Der,Hausmeister,hat,das,Becken,gereinigt,reinigen,reinigte,The janitor cleaned the basin,The janitor has cleaned the basin,Der Hausmeister reinigte das Becken,Der Hausmeister hat das Becken gereinigt,Der Hausmeister,Der Hausmeister hat,Der Hausmeister hat das Becken,,Le concierge a nettoyé le bassin,Le concierge a,Le,concierge,nettoyé,le,bassin
basket,bring,teacher,brought,brought,Der,Lehrer,hat,den,Korb,gebracht,bringen,brachte,The teacher brought the basket,The teacher has brought the basket,Der Lehrer brachte den Korb,Der Lehrer hat den Korb gebracht,Der Lehrer,Der Lehrer hat,Der Lehrer hat den Korb,,Le professeur a apporté le panier,Le professeur a,Le,professeur,apporté,le,panier
bath,see,person,saw,seen,Die,Person,hat,die,Badewanne,gesehen,sehen,sah,The person saw the bath,The person has seen the bath,Die Person sah die Badewanne,Die Person hat die Badewanne gesehen,Die Person,Die Person hat,Die Person hat die Badewanne,,La personne a vu la baignoire,La personne a,La,personne,vu,la,baignoire
bed,buy,woman,bought,bought,Die,Frau,hat,das,Bett,gekauft,kaufen,kaufte,The woman bought the bed,The woman has bought the bed,Die Frau kaufte das Bett,Die Frau hat das Bett gekauft,Die Frau,Die Frau hat,Die Frau hat das Bett,,La femme a acheté le lit,La femme a,La,femme,acheté,le,lit
bee,catch,biologist,caught,caught,Der,Biologe,hat,die,Biene,gefangen,fangen,fing,The biologist caught the bee,The biologist has caught the bee,Der Biologe fing die Biene,Der Biologe hat die Biene gefangen,Der Biologe,Der Biologe hat,Der Biologe hat die Biene,,Le biologiste a attrapé l'abeille,Le biologiste a,Le,biologiste,attrapé,l',abeille
bell,drop,man,dropped,dropped,Der,Mann,hat,die,Glocke,fallen lassen,fallen lassen,ließ fallen,The man dropped the bell,The man has dropped the bell,Der Mann ließ die Glocke fallen,Der Mann hat die Glocke fallen lassen,Der Mann,Der Mann hat,Der Mann hat die Glocke,,L'homme a laissé tomber la cloche,L'homme a,L',homme,laissé tomber,la,cloche
berry,swallow,child,swallowed,swallowed,Das,Kind,hat,die,Beere,verschluckt,verschlucken,verschluckte,The child swallowed the berry,The child has swallowed the berry,Das Kind verschluckte die Beere,Das Kind hat die Beere verschluckt,Das Kind,Das Kind hat,Das Kind hat die Beere,,L'enfant a avalé la baie,L'enfant a,L',enfant,avalé,la,baie
bird,attack,cat,attacked,attacked,Die,Katze,hat,den,Vogel,angegriffen,angreifen,griff,The cat attacked the bird,The cat has attacked the bird,Die Katze griff den Vogel an,Die Katze hat den Vogel angegriffen,Die Katze,Die Katze hat,Die Katze hat den Vogel,,Le chat a attaqué l'oiseau,Le chat a,Le,chat,attaqué,l',oiseau
blade,sharpen,blacksmith,sharpened,sharpened,Der,Schmied,hat,die,Klinge,geschärft,schärfen,schärfte,The blacksmith sharpened the blade,The blacksmith has sharpened the blade,Der Schmied schärfte die Klinge,Der Schmied hat die Klinge geschärft,Der Schmied,Der Schmied hat,Der Schmied hat die Klinge,,Le forgeron a aiguisé la lame,Le forgeron a,Le,forgeron,aiguisé,la,lame
board,break,artist,broke,broken,Der,Künstler,hat,das,Brett,zerbrochen,zerbrechen,zerbrach,The artist broke the board,The artist has broken the board,Der Künstler zerbrach das Brett,Der Künstler hat das Brett zerbrochen,Der Künstler,Der Künstler hat,Der Künstler hat das Brett,,L'artiste a cassé la planche,L'artiste a,L',artiste,cassé,la,planche
boat,steer,sailor,steered,steered,Der,Seemann,hat,das,Boot,gesteuert,steuern,steuerte,The sailor steered the boat,The sailor has steered the boat,Der Seemann steuerte das Boot,Der Seemann hat das Boot gesteuert,Der Seemann,Der Seemann hat,Der Seemann hat das Boot,,Le marin a dirigé le bateau,Le marin a,Le,marin,dirigé,le,bateau
bone,throw,woman,threw,thrown,Die,Frau,hat,den,Knochen,geworfen,werfen,warf,The woman threw the bone,The woman has thrown the bone,Die Frau warf den Knochen,Die Frau hat den Knochen geworfen,Die Frau,Die Frau hat,Die Frau hat den Knochen,,La femme a jeté l'os,La femme a,La,femme,jeté,l',os
book,read,man,read,read,Der,Mann,hat,das,Buch,gelesen,lesen,las,The man read the book,The man has read the book,Der Mann las das Buch,Der Mann hat das Buch gelesen,Der Mann,Der Mann hat,Der Mann hat das Buch,,L'homme a lu le livre,L'homme a,L',homme,lu,le,livre
bottle,break,shopkeeper,broke,broken,Der,Ladenbesitzer,hat,die,Flasche,zerbrochen,zerbrechen,zerbrach,The shopkeeper broke the bottle,The shopkeeper has broken the bottle,Der Ladenbesitzer zerbrach die Flasche,Der Ladenbesitzer hat die Flasche zerbrochen,Der Ladenbesitzer,Der Ladenbesitzer hat,Der Ladenbesitzer hat die Flasche,,Le commerçant a cassé la bouteille,Le commerçant a,Le,commerçant,cassé,la,bouteille
box,open,postman,opened,opened,Der,Postbote,hat,die,Schachtel,geöffnet,öffnen,öffnete,The postman opened the box,The postman has opened the box,Der Postbote öffnete die Schachtel,Der Postbote hat die Schachtel geöffnet,Der Postbote,Der Postbote hat,Der Postbote hat die Schachtel,,Le facteur a ouvert la boîte,Le facteur a,Le,facteur,ouvert,la,boîte
boy,teach,teacher,taught,taught,Der,Lehrer,hat,den,Jungen,unterrichtet,unterrichten,unterrichtete,The teacher taught the boy,The teacher has taught the boy,Der Lehrer unterrichtete den Jungen,Der Lehrer hat den Jungen unterrichtet,Der Lehrer,Der Lehrer hat,Der Lehrer hat den Jungen,,Le professeur a donné des cours à le garçon,Le professeur a,Le,professeur,donné des cours à,le,garçon
brain,examine,neurologist,examined,examined,Der,Neurologe,hat,das,Gehirn,untersucht,untersuchen,untersuchte,The neurologist examined the brain,The neurologist has examined the brain,Der Neurologe untersuchte das Gehirn,Der Neurologe hat das Gehirn untersucht,Der Neurologe,Der Neurologe hat,Der Neurologe hat das Gehirn,,Le neurologue a examiné le cerveau,Le neurologue a,Le,neurologue,examiné,le,cerveau
brake,push,driver,pushed,pushed,Der,Fahrer,hat,die,Bremse,betätigt,betätigen,betätigte,The driver pushed the brake,The driver has pushed the brake,Der Fahrer betätigte die Bremse,Der Fahrer hat die Bremse betätigt,Der Fahrer,Der Fahrer hat,Der Fahrer hat die Bremse,,Le conducteur a appuyé sur le frein,Le conducteur a,Le,conducteur,appuyé sur,le,frein
branch,break,owl,broke,broken,Die,Eule,hat,den,Ast,zerbrochen,zerbrechen,zerbrach,The owl broke the branch,The owl has broken the branch,Die Eule zerbrach den Ast,Die Eule hat den Ast zerbrochen,Die Eule,Die Eule hat,Die Eule hat den Ast,,La chouette a cassé la branche,La chouette a,La,chouette,cassé,la,branche
brick,throw,activist,threw,thrown,Der,Aktivist,hat,den,Ziegelstein,geworfen,werfen,warf,The activist threw the brick,The activist has thrown the brick,Der Aktivist warf den Ziegelstein,Der Aktivist hat den Ziegelstein geworfen,Der Aktivist,Der Aktivist hat,Der Aktivist hat den Ziegelstein,,Le militant a jeté la brique,Le militant a,Le,militant,jeté,la,brique
bridge,cross,driver,crossed,crossed,Der,Fahrer,hat,die,Brücke,überquert,überqueren,überquerte,The driver crossed the bridge,The driver has crossed the bridge,Der Fahrer überquerte die Brücke,Der Fahrer hat die Brücke überquert,Der Fahrer,Der Fahrer hat,Der Fahrer hat die Brücke,,Le conducteur a traversé le pont,Le conducteur a,Le,conducteur,traversé,le,pont
bucket,fill,farmer,filled,filled,Der,Bauer,hat,den,Eimer,gefüllt,füllen,füllte,The farmer filled the bucket,The farmer has filled the bucket,Der Bauer füllte den Eimer,Der Bauer hat den Eimer gefüllt,Der Bauer,Der Bauer hat,Der Bauer hat den Eimer,,Le fermier a rempli le seau,Le fermier a,Le,fermier,rempli,le,seau
bulb,screw,electrician,screwed,screwed,Der,Elektriker,hat,die,Glühbirne,eingeschraubt,einschrauben,schraubte,The electrician screwed the bulb,The electrician has screwed the bulb,Der Elektriker schraubte die Glühbirne ein,Der Elektriker hat die Glühbirne eingeschraubt,Der Elektriker,Der Elektriker hat,Der Elektriker hat die Glühbirne,,L'électricien a vissé l'ampoule,L'électricien a,L',électricien,vissé,l',ampoule
button,press,conductor,pressed,pressed,Der,Schaffner,hat,den,Knopf,gedrückt,drücken,drückte,The conductor pressed the button,The conductor has pressed the button,Der Schaffner drückte den Knopf,Der Schaffner hat den Knopf gedrückt,Der Schaffner,Der Schaffner hat,Der Schaffner hat den Knopf,,Le conducteur a appuyé sur le bouton,Le conducteur a,Le,conducteur,appuyé sur,le,bouton
cake,cut,bride,cut,cut,Die,Braut,hat,die,Torte,angeschnitten,anschneiden,schnitt,The bride cut the cake,The bride has cut the cake,Die Braut schnitt die Torte,Die Braut hat die Torte angeschnitten,Die Braut,Die Braut hat,Die Braut hat die Torte,,La mariée a coupé le gâteau,La mariée a,La,mariée,coupé,le,gâteau
camera,buy,photographer,bought,bought,Der,Fotograf,hat,die,Kamera,gekauft,kaufen,kaufte,The photographer bought the camera,The photographer has bought the camera,Der Fotograf kaufte die Kamera,Der Fotograf hat die Kamera gekauft,Der Fotograf,Der Fotograf hat,Der Fotograf hat die Kamera,,Le photographe a acheté l'appareil photo,Le photographe a,Le,photographe,acheté,l',appareil photo
card,pull,magician,pulled,pulled,Der,Zauberer,hat,die,Karte,gezogen,ziehen,zog,The magician pulled the card,The magician has pulled the card,Der Zauberer zog die Karte,Der Zauberer hat die Karte gezogen,Der Zauberer,Der Zauberer hat,Der Zauberer hat die Karte,,Le magicien a tiré la carte,Le magicien a,Le,magicien,tiré,la,carte
cart,push,woman,pushed,pushed,Die,Frau,hat,den,Wagen,geschoben,schieben,schob,The woman pushed the cart,The woman has pushed the cart,Die Frau schob den Wagen,Die Frau hat den Wagen geschoben,Die Frau,Die Frau hat,Die Frau hat den Wagen,,La femme a poussé le chariot,La femme a,La,femme,poussé,le,chariot
cat,call,man,called,called,Der,Mann,hat,die,Katze,gerufen,rufen,rief,The man called the cat,The man has called the cat,Der Mann rief die Katze,Der Mann hat die Katze gerufen,Der Mann,Der Mann hat,Der Mann hat die Katze,,L'homme a appelé le chat,L'homme a,L',homme,appelé,le,chat
chain,pull,dog,pulled,pulled,Der,Hund,hat,die,Kette,gezogen,ziehen,zog,The dog pulled the chain,The dog has pulled the chain,Der Hund zog die Kette,Der Hund hat die Kette gezogen,Der Hund,Der Hund hat,Der Hund hat die Kette,,Le chien a tiré sur la chaîne,Le chien a,Le,chien,tiré sur,la,chaîne
cheese,smell,chef,smelled,smelled,Der,Koch,hat,den,Käse,gerochen,riechen,roch,The chef smelled the cheese,The chef has smelled the cheese,Der Koch roch den Käse,Der Koch hat den Käse gerochen,Der Koch,Der Koch hat,Der Koch hat den Käse,,Le chef a senti le fromage,Le chef a,Le,chef,senti,le,fromage
chest,open,historian,opened,opened,Der,Historiker,hat,die,Truhe,geöffnet,öffnen,öffnete,The historian opened the chest,The historian has opened the chest,Der Historiker öffnete die Truhe,Der Historiker hat die Truhe geöffnet,Der Historiker,Der Historiker hat,Der Historiker hat die Truhe,,L'historien a ouvert le coffre,L'historien a,L',historien,ouvert,le,coffre
church,visit,Christian,visited,visited,Der,Christ,hat,die,Kirche,besucht,besuchen,besuchte,The Christian visited the church,The Christian has visited the church,Der Christ besuchte die Kirche,Der Christ hat die Kirche besucht,Der Christ,Der Christ hat,Der Christ hat die Kirche,,Le chrétien a visité l'église,Le chrétien a,Le,chrétien,visité,l',église
circle,draw,child,drew,drawn,Das,Kind,hat,den,Kreis,gezeichnet,zeichnen,zeichnete,The child drew the circle,The child has drawn the circle,Das Kind zeichnete den Kreis,Das Kind hat den Kreis gezeichnet,Das Kind,Das Kind hat,Das Kind hat den Kreis,,L'enfant a dessiné le cercle,L'enfant a,L',enfant,dessiné,le,cercle
clock,fix,engineer,fixt,fixt,Der,Ingenieur,hat,die,Uhr,repariert,reparieren,reparierte,The engineer fixt the clock,The engineer has fixt the clock,Der Ingenieur reparierte die Uhr,Der Ingenieur hat die Uhr repariert,Der Ingenieur,Der Ingenieur hat,Der Ingenieur hat die Uhr,,L'ingénieur a réparé l'horloge,L'ingénieur a,L',ingénieur,réparé,l',horloge
cloud,see,artist,saw,seen,Der,Künstler,hat,die,Wolke,gesehen,sehen,sah,The artist saw the cloud,The artist has seen the cloud,Der Künstler sah die Wolke,Der Künstler hat die Wolke gesehen,Der Künstler,Der Künstler hat,Der Künstler hat die Wolke,,L'artiste a vu le nuage,L'artiste a,L',artiste,vu,le,nuage
coat,wear,model,wore,worn,Das,Model,hat,den,Mantel,getragen,tragen,trug,The model wore the coat,The model has worn the coat,Das Model trug den Mantel,Das Model hat den Mantel getragen,Das Model,Das Model hat,Das Model hat den Mantel,,Le mannequin a porté le manteau,Le mannequin a,Le,mannequin,porté,le,manteau
collar,adjust,man,adjusted,adjusted,Der,Mann,hat,den,Kragen,angepasst,anpassen,passte,The man adjusted the collar,The man has adjusted the collar,Der Mann passte den Kragen an,Der Mann hat den Kragen angepasst,Der Mann,Der Mann hat,Der Mann hat den Kragen,,L'homme a ajusté le col,L'homme a,L',homme,ajusté,le,col
comb,use,boy,used,used,Der,Junge,hat,den,Kamm,benutzt,benutzen,benutzte,The boy used the comb,The boy has used the comb,Der Junge benutzte den Kamm,Der Junge hat den Kamm benutzt,Der Junge,Der Junge hat,Der Junge hat den Kamm,,Le garçon a utilisé le peigne,Le garçon a,Le,garçon,utilisé,le,peigne
cord,pull,electrician,pulled,pulled,Der,Elektriker,hat,das,Kabel,gezogen,ziehen,zog,The electrician pulled the cord,The electrician has pulled the cord,Der Elektriker zog das Kabel,Der Elektriker hat das Kabel gezogen,Der Elektriker,Der Elektriker hat,Der Elektriker hat das Kabel,,L'électricien a tiré sur le cordon,L'électricien a,L',électricien,tiré sur,le,cordon
cow,pet,farmer,petted,petted,Der,Bauer,hat,die,Kuh,gestreichelt,streicheln,streichelte,The farmer petted the cow,The farmer has petted the cow,Der Bauer streichelte die Kuh,Der Bauer hat die Kuh gestreichelt,Der Bauer,Der Bauer hat,Der Bauer hat die Kuh,,Le fermier a caressé la vache,Le fermier a,Le,fermier,caressé,la,vache
cup,break,potter,broke,broken,Der,Töpfer,hat,die,Tasse,zerbrochen,zerbrechen,zerbrach,The potter broke the cup,The potter has broken the cup,Der Töpfer zerbrach die Tasse,Der Töpfer hat die Tasse zerbrochen,Der Töpfer,Der Töpfer hat,Der Töpfer hat die Tasse,,Le potier a cassé la tasse,Le potier a,Le,potier,cassé,la,tasse
curtain,hang,person,hung,hung,Die,Person,hat,den,Vorhang,aufgehängt,aufhängen,hängte,The person hung the curtain,The person has hung the curtain,Die Person hängte den Vorhang auf,Die Person hat den Vorhang aufgehängt,Die Person,Die Person hat,Die Person hat den Vorhang,,La personne a accroché le rideau,La personne a,La,personne,accroché,le,rideau
cushion,lay,man,laid,laid,Der,Mann,hat,das,Kissen,hingelegt,hinlegen,legte,The man laid the cushion,The man has laid the cushion,Der Mann legte das Kissen hin,Der Mann hat das Kissen hingelegt,Der Mann,Der Mann hat,Der Mann hat das Kissen,,L'homme a posé le coussin,L'homme a,L',homme,posé,le,coussin
dog,pet,florist,petted,petted,Der,Florist,hat,den,Hund,gestreichelt,streicheln,streichelte,The florist petted the dog,The florist has petted the dog,Der Florist streichelte den Hund,Der Florist hat den Hund gestreichelt,Der Florist,Der Florist hat,Der Florist hat den Hund,,Le fleuriste a caressé le chien,Le fleuriste a,Le,fleuriste,caressé,le,chien
door,close,client,closed,closed,Der,Kunde,hat,die,Tür,geschlossen,schließen,schloss,The client closed the door,The client has closed the door,Der Kunde schloss die Tür,Der Kunde hat die Tür geschlossen,Der Kunde,Der Kunde hat,Der Kunde hat die Tür,,Le client a fermé la porte,Le client a,Le,client,fermé,la,porte
drain,clean,janitor,cleaned,cleaned,Der,Hausmeister,hat,den,Abfluss,gereinigt,reinigen,reinigte,The janitor cleaned the drain,The janitor has cleaned the drain,Der Hausmeister reinigte den Abfluss,Der Hausmeister hat den Abfluss gereinigt,Der Hausmeister,Der Hausmeister hat,Der Hausmeister hat den Abfluss,,Le concierge a nettoyé le drain,Le concierge a,Le,concierge,nettoyé,le,drain
drawer,pull,teacher,pulled,pulled,Der,Lehrer,hat,die,Schublade,herausgezogen,herausziehen,zog,The teacher pulled the drawer,The teacher has pulled the drawer,Der Lehrer zog die Schublade heraus,Der Lehrer hat die Schublade herausgezogen,Der Lehrer,Der Lehrer hat,Der Lehrer hat die Schublade,,Le professeur a tiré le tiroir,Le professeur a,Le,professeur,tiré,le,tiroir
dress,sew,seamstress,sewed,sewn,Die,Schneiderin,hat,das,Kleid,genäht,nähen,nähte,The seamstress sewed the dress,The seamstress has sewn the dress,Die Schneiderin nähte das Kleid,Die Schneiderin hat das Kleid genäht,Die Schneiderin,Die Schneiderin hat,Die Schneiderin hat das Kleid,,La couturière a cousu la robe,La couturière a,La,couturière,cousu,la,robe
egg,fry,cook,fried,fried,Der,Koch,hat,das,Ei,gebraten,braten,briet,The cook fried the egg,The cook has fried the egg,Der Koch briet das Ei,Der Koch hat das Ei gebraten,Der Koch,Der Koch hat,Der Koch hat das Ei,,Le cuisinier a frit l'œuf,Le cuisinier a,Le,cuisinier,frit,l',œuf
engine,start,driver,started,started,Der,Fahrer,hat,den,Motor,gestartet,starten,startete,The driver started the engine,The driver has started the engine,Der Fahrer startete den Motor,Der Fahrer hat den Motor gestartet,Der Fahrer,Der Fahrer hat,Der Fahrer hat den Motor,,Le conducteur a démarré le moteur,Le conducteur a,Le,conducteur,démarré,le,moteur
farm,rent,banker,rented,rented,Der,Bankier,hat,die,Farm,gemietet,mieten,mietete,The banker rented the farm,The banker has rented the farm,Der Bankier mietete die Farm,Der Bankier hat die Farm gemietet,Der Bankier,Der Bankier hat,Der Bankier hat die Farm,,Le banquier a loué la ferme,Le banquier a,Le,banquier,loué,la,ferme
feather,blow,man,blew,blown,Der,Mann,hat,die,Feder,weggeblasen,wegblasen,blies,The man blew the feather,The man has blown the feather,Der Mann blies die Feder weg,Der Mann hat die Feder weggeblasen,Der Mann,Der Mann hat,Der Mann hat die Feder,,L'homme a soufflé sur la plume,L'homme a,L',homme,soufflé sur,la,plume
fish,catch,fisherman,caught,caught,Der,Fischer,hat,den,Fisch,gefangen,fangen,fing,The fisherman caught the fish,The fisherman has caught the fish,Der Fischer fing den Fisch,Der Fischer hat den Fisch gefangen,Der Fischer,Der Fischer hat,Der Fischer hat den Fisch,,Le pêcheur a attrapé le poisson,Le pêcheur a,Le,pêcheur,attrapé,le,poisson
flag,wave,general,waved,waved,Der,General,hat,die,Flagge,geschwenkt,schwenken,schwenkte,The general waved the flag,The general has waved the flag,Der General schwenkte die Flagge,Der General hat die Flagge geschwenkt,Der General,Der General hat,Der General hat die Flagge,,Le général a agité le drapeau,Le général a,Le,général,agité,le,drapeau
floor,wipe,janitor,wiped,wiped,Der,Hausmeister,hat,den,Boden,gewischt,wischen,wischte,The janitor wiped the floor,The janitor has wiped the floor,Der Hausmeister wischte den Boden,Der Hausmeister hat den Boden gewischt,Der Hausmeister,Der Hausmeister hat,Der Hausmeister hat den Boden,,Le concierge a essuyé le sol,Le concierge a,Le,concierge,essuyé,le,sol
fly,swallow,woman,swallowed,swallowed,Die,Frau,hat,die,Fliege,verschluckt,verschlucken,verschluckte,The woman swallowed the fly,The woman has swallowed the fly,Die Frau verschluckte die Fliege,Die Frau hat die Fliege verschluckt,Die Frau,Die Frau hat,Die Frau hat die Fliege,,La femme a avalé la mouche,La femme a,La,femme,avalé,la,mouche
fork,drop,chef,dropped,dropped,Der,Koch,hat,die,Gabel,fallen,fallen,fiel,The chef dropped the fork,The chef has dropped the fork,Der Koch fiel die Gabel,Der Koch hat die Gabel fallen lassen,Der Koch,Der Koch hat,Der Koch hat die Gabel,,Le chef a laissé tomber la fourchette,Le chef a,Le,chef,laissé tomber,la,fourchette
frame,hang,person,hung,hung,Die,Person,hat,den,Rahmen,aufgehängt,aufhängen,hängte,The person hung the frame,The person has hung the frame,Die Person hängte den Rahmen auf,Die Person hat den Rahmen aufgehängt,Die Person,Die Person hat,Die Person hat den Rahmen,,La personne a accroché le cadre,La personne a,La,personne,accroché,le,cadre
garden,sell,homeowner,sold,sold,Der,Hausbesitzer,hat,den,Garten,verkauft,verkaufen,verkaufte,The homeowner sold the garden,The homeowner has sold the garden,Der Hausbesitzer verkaufte den Garten,Der Hausbesitzer hat den Garten verkauft,Der Hausbesitzer,Der Hausbesitzer hat,Der Hausbesitzer hat den Garten,,Le propriétaire a vendu le jardin,Le propriétaire a,Le,propriétaire,vendu,le,jardin
girl,see,boy,saw,seen,Der,Junge,hat,das,Mädchen,gesehen,sehen,sah,The boy saw the girl,The boy has seen the girl,Der Junge sah das Mädchen,Der Junge hat das Mädchen gesehen,Der Junge,Der Junge hat,Der Junge hat das Mädchen,,Le garçon a vu la fille,Le garçon a,Le,garçon,vu,la,fille
goat,pet,farmer,petted,petted,Der,Bauer,hat,die,Ziege,gestreichelt,streicheln,streichelte,The farmer petted the goat,The farmer has petted the goat,Der Bauer streichelte die Ziege,Der Bauer hat die Ziege gestreichelt,Der Bauer,Der Bauer hat,Der Bauer hat die Ziege,,Le fermier a caressé la chèvre,Le fermier a,Le,fermier,caressé,la,chèvre
gun,fire,criminal,fired,fired,Der,Verbrecher,hat,die,Waffe,abgefeuert,abfeuern,feuerte,The criminal fired the gun,The criminal has fired the gun,Der Verbrecher feuerte die Waffe ab,Der Verbrecher hat die Waffe abgefeuert,Der Verbrecher,Der Verbrecher hat,Der Verbrecher hat die Waffe,,Le criminel a tiré avec le pistolet,Le criminel a,Le,criminel,tiré avec,le,pistolet
hair,dye,person,dyed,dyed,Die,Person,hat,die,Haare,gefärbt,färben,färbte,The person dyed the hair,The person has dyed the hair,Die Person färbte die Haare,Die Person hat die Haare gefärbt,Die Person,Die Person hat,Die Person hat die Haare,,La personne s'est teint les cheveux,La personne s'est,La,personne,teint,le,s cheveux
hammer,swing,decorator,swung,swung,Der,Dekorateur,hat,den,Hammer,geschwungen,schwingen,schwang,The decorator swung the hammer,The decorator has swung the hammer,Der Dekorateur schwang den Hammer,Der Dekorateur hat den Hammer geschwungen,Der Dekorateur,Der Dekorateur hat,Der Dekorateur hat den Hammer,,Le décorateur a manié le marteau,Le décorateur a,Le,décorateur,manié,le,marteau
hat,wear,woman,wore,worn,Die,Frau,hat,den,Hut,getragen,tragen,trug,The woman wore the hat,The woman has worn the hat,Die Frau trug den Hut,Die Frau hat den Hut getragen,Die Frau,Die Frau hat,Die Frau hat den Hut,,La femme a mis le chapeau,La femme a,La,femme,mis,le,chapeau
hook,throw,fisherman,threw,thrown,Der,Fischer,hat,den,Haken,ausgeworfen,auswerfen,warf,The fisherman threw the hook,The fisherman has thrown the hook,Der Fischer warf den Haken aus,Der Fischer hat den Haken ausgeworfen,Der Fischer,Der Fischer hat,Der Fischer hat den Haken,,Le pêcheur a lancé l'hameçon,Le pêcheur a,Le,pêcheur,lancé,l',hameçon
horn,blow,musician,blew,blown,Der,Musiker,hat,das,Horn,geblasen,blasen,blies,The musician blew the horn,The musician has blown the horn,Der Musiker blies das Horn,Der Musiker hat das Horn geblasen,Der Musiker,Der Musiker hat,Der Musiker hat das Horn,,Le musicien a soufflé dans le cor,Le musicien a,Le,musicien,soufflé dans,le,cor
horse,lead,knight,led,led,Der,Ritter,hat,das,Pferd,geführt,führen,führte,The knight led the horse,The knight has led the horse,Der Ritter führte das Pferd,Der Ritter hat das Pferd geführt,Der Ritter,Der Ritter hat,Der Ritter hat das Pferd,,Le chevalier a mené le cheval,Le chevalier a,Le,chevalier,mené,le,cheval
hospital,visit,father,visited,visited,Der,Vater,hat,das,Krankenhaus,besucht,besuchen,besuchte,The father visited the hospital,The father has visited the hospital,Der Vater besuchte das Krankenhaus,Der Vater hat das Krankenhaus besucht,Der Vater,Der Vater hat,Der Vater hat das Krankenhaus,,Le père a rendu visite à l'hôpital,Le père a,Le,père,rendu visite à,l',hôpital
house,paint,man,painted,painted,Der,Mann,hat,das,Haus,gestrichen,streichen,strich,The man painted the house,The man has painted the house,Der Mann strich das Haus,Der Mann hat das Haus gestrichen,Der Mann,Der Mann hat,Der Mann hat das Haus,,L'homme a peint la maison,L'homme a,L',homme,peint,la,maison
island,visit,politician,visited,visited,Der,Politiker,hat,die,Insel,besucht,besuchen,besuchte,The politician visited the island,The politician has visited the island,Der Politiker besuchte die Insel,Der Politiker hat die Insel besucht,Der Politiker,Der Politiker hat,Der Politiker hat die Insel,,Le politicien a visité l'île,Le politicien a,Le,politicien,visité,l',île
jewel,sell,shopkeeper,sold,sold,Der,Ladenbesitzer,hat,den,Schmuck,verkauft,verkaufen,verkaufte,The shopkeeper sold the jewel,The shopkeeper has sold the jewel,Der Ladenbesitzer verkaufte den Schmuck,Der Ladenbesitzer hat den Schmuck verkauft,Der Ladenbesitzer,Der Ladenbesitzer hat,Der Ladenbesitzer hat den Schmuck,,Le commerçant a vendu le bijou,Le commerçant a,Le,commerçant,vendu,le,bijou
kettle,fill,woman,filled,filled,Die,Frau,hat,den,Wasserkocher,gefüllt,füllen,füllte,The woman filled the kettle,The woman has filled the kettle,Die Frau füllte den Wasserkocher,Die Frau hat den Wasserkocher gefüllt,Die Frau,Die Frau hat,Die Frau hat den Wasserkocher,,La femme a rempli la bouilloire,La femme a,La,femme,rempli,la,bouilloire
key,use,man,used,used,Der,Mann,hat,den,Schlüssel,benutzt,benutzen,benutzte,The man used the key,The man has used the key,Der Mann benutzte den Schlüssel,Der Mann hat den Schlüssel benutzt,Der Mann,Der Mann hat,Der Mann hat den Schlüssel,,L'homme a utilisé la clé,L'homme a,L',homme,utilisé,la,clé
knife,get,man,got,got,Der,Mann,hat,das,Messer,bekommen,bekommen,bekam,The man got the knife,The man has got the knife,Der Mann bekam das Messer,Der Mann hat das Messer bekommen,Der Mann,Der Mann hat,Der Mann hat das Messer,,L'homme a pris le couteau,L'homme a,L',homme,pris,le,couteau
knot,tie,sailor,tied,tied,Der,Seemann,hat,den,Knoten,geknüpft,knüpfen,knüpfte,The sailor tied the knot,The sailor has tied the knot,Der Seemann knüpfte den Knoten,Der Seemann hat den Knoten geknüpft,Der Seemann,Der Seemann hat,Der Seemann hat den Knoten,,Le marin a fait le nœud,Le marin a,Le,marin,fait,le,nœud
leaf,rip,squirell,ripped,ripped,Das,Eichhörnchen,hat,das,Blatt,zerrissen,zerreißen,zerriss,The squirell ripped the leaf,The squirell has ripped the leaf,Das Eichhörnchen zerriss das Blatt,Das Eichhörnchen hat das Blatt zerrissen,Das Eichhörnchen,Das Eichhörnchen hat,Das Eichhörnchen hat das Blatt,,L'écureuil a déchiré la feuille,L'écureuil a,L',écureuil,déchiré,la,feuille
library,visit,person,visited,visited,Die,Person,hat,die,Bibliothek,besucht,besuchen,besuchte,The person visited the library,The person has visited the library,Die Person besuchte die Bibliothek,Die Person hat die Bibliothek besucht,Die Person,Die Person hat,Die Person hat die Bibliothek,,La personne a visité la bibliothèque,La personne a,La,personne,visité,la,bibliothèque
line,draw,professor,drew,drawn,Der,Professor,hat,die,Linie,gezogen,ziehen,zog,The professor drew the line,The professor has drawn the line,Der Professor zog die Linie,Der Professor hat die Linie gezogen,Der Professor,Der Professor hat,Der Professor hat die Linie,,Le professeur a tracé la ligne,Le professeur a,Le,professeur,tracé,la,ligne
lock,break,locksmith,broke,broken,Der,Schlosser,hat,das,Schloss,aufgebrochen,aufbrechen,brach,The locksmith broke the lock,The locksmith has broken the lock,Der Schlosser brach das Schloss auf,Der Schlosser hat das Schloss aufgebrochen,Der Schlosser,Der Schlosser hat,Der Schlosser hat das Schloss,,Le serrurier a cassé la serrure,Le serrurier a,Le,serrurier,cassé,la,serrure
map,draw,pirate,drew,drawn,Der,Pirat,hat,die,Karte,gezeichnet,zeichnen,zeichnete,The pirate drew the map,The pirate has drawn the map,Der Pirat zeichnete die Karte,Der Pirat hat die Karte gezeichnet,Der Pirat,Der Pirat hat,Der Pirat hat die Karte,,Le pirate a dessiné la carte,Le pirate a,Le,pirate,dessiné,la,carte
match,light,child,lit,lit,Das,Kind,hat,das,Streichholz,angezündet,anzünden,zündete,The child lit the match,The child has lit the match,Das Kind zündete das Streichholz an,Das Kind hat das Streichholz angezündet,Das Kind,Das Kind hat,Das Kind hat das Streichholz,,L'enfant a allumé l'allumette,L'enfant a,L',enfant,allumé,l',allumette
monkey,hug,zookeeper,hugged,hugged,Der,Tierpfleger,hat,den,Affen,umarmt,umarmen,umarmte,The zookeeper hugged the monkey,The zookeeper has hugged the monkey,Der Tierpfleger umarmte den Affen,Der Tierpfleger hat den Affen umarmt,Der Tierpfleger,Der Tierpfleger hat,Der Tierpfleger hat den Affen,,Le gardien du zoo a serré le singe dans ses bras,Le gardien du zoo a,Le,gardien du zoo,serré,le,singe dans ses bras
moon,see,person,saw,seen,Die,Person,hat,den,Mond,gesehen,sehen,sah,The person saw the moon,The person has seen the moon,Die Person sah den Mond,Die Person hat den Mond gesehen,Die Person,Die Person hat,Die Person hat den Mond,,La personne a vu la lune,La personne a,La,personne,vu,la,lune
needle,grab,seamstress,grabbed,grabbed,Die,Schneiderin,hat,die,Nadel,genommen,nehmen,nahm,The seamstress grabbed the needle,The seamstress has grabbed the needle,Die Schneiderin nahm die Nadel,Die Schneiderin hat die Nadel genommen,Die Schneiderin,Die Schneiderin hat,Die Schneiderin hat die Nadel,,La couturière a attrapé l'aiguille,La couturière a,La,couturière,attrapé,l',aiguille
net,throw,fisherman,threw,thrown,Der,Fischer,hat,das,Netz,ausgeworfen,auswerfen,warf,The fisherman threw the net,The fisherman has thrown the net,Der Fischer warf das Netz aus,Der Fischer hat das Netz ausgeworfen,Der Fischer,Der Fischer hat,Der Fischer hat das Netz,,Le pêcheur a jeté le filet,Le pêcheur a,Le,pêcheur,jeté,le,filet
nut,crack,squirell,cracked,cracked,Das,Eichhörnchen,hat,die,Nuss,geknackt,knacken,knackte,The squirell cracked the nut,The squirell has cracked the nut,Das Eichhörnchen knackte die Nuss,Das Eichhörnchen hat die Nuss geknackt,Das Eichhörnchen,Das Eichhörnchen hat,Das Eichhörnchen hat die Nuss,,L'écureuil a cassé la noix,L'écureuil a,L',écureuil,cassé,la,noix
orange,eat,monkey,ate,eaten,Der,Affe,hat,die,Orange,gegessen,essen,aß,The monkey ate the orange,The monkey has eaten the orange,Der Affe aß die Orange,Der Affe hat die Orange gegessen,Der Affe,Der Affe hat,Der Affe hat die Orange,,Le singe a mangé l'orange,Le singe a,Le,singe,mangé,l',orange
oven,preheat,chef,preheated,preheated,Der,Koch,hat,den,Ofen,vorgeheizt,vorheizen,heizte,The chef preheated the oven,The chef has preheated the oven,Der Koch heizte den Ofen vor,Der Koch hat den Ofen vorgeheizt,Der Koch,Der Koch hat,Der Koch hat den Ofen,,Le chef a préchauffé le four,Le chef a,Le,chef,préchauffé,le,four
parcel,steal,thief,stole,stolen,Der,Dieb,hat,das,Paket,gestohlen,stehlen,stahl,The thief stole the parcel,The thief has stolen the parcel,Der Dieb stahl das Paket,Der Dieb hat das Paket gestohlen,Der Dieb,Der Dieb hat,Der Dieb hat das Paket,,Le voleur a volé le colis,Le voleur a,Le,voleur,volé,le,colis
pen,sell,schoolmate,sold,sold,Der,Schulkamerad,hat,den,Stift,verkauft,verkaufen,verkaufte,The schoolmate sold the pen,The schoolmate has sold the pen,Der Schulkamerad verkaufte den Stift,Der Schulkamerad hat den Stift verkauft,Der Schulkamerad,Der Schulkamerad hat,Der Schulkamerad hat den Stift,,Le camarade de classe a vendu le stylo,Le camarade de classe a,Le,camarade de classe,vendu,le,stylo
pencil,break,secretary,broke,broken,Die,Sekretärin,hat,den,Bleistift,zerbrochen,zerbrechen,zerbrach,The secretary broke the pencil,The secretary has broken the pencil,Die Sekretärin zerbrach den Bleistift,Die Sekretärin hat den Bleistift zerbrochen,Die Sekretärin,Die Sekretärin hat,Die Sekretärin hat den Bleistift,,La secrétaire a cassé le crayon,La secrétaire a,La,secrétaire,cassé,le,crayon
picture,draw,child,drew,drawn,Das,Kind,hat,das,Bild,gemalt,malen,malte,The child drew the picture,The child has drawn the picture,Das Kind malte das Bild,Das Kind hat das Bild gemalt,Das Kind,Das Kind hat,Das Kind hat das Bild,,L'enfant a dessiné le tableau,L'enfant a,L',enfant,dessiné,le,tableau
pig,slaughter,farmer,slaughtered,slaughtered,Der,Bauer,hat,das,Schwein,geschlachtet,schlachten,schlachtete,The farmer slaughtered the pig,The farmer has slaughtered the pig,Der Bauer schlachtete das Schwein,Der Bauer hat das Schwein geschlachtet,Der Bauer,Der Bauer hat,Der Bauer hat das Schwein,,Le fermier a abattu le cochon,Le fermier a,Le,fermier,abattu,le,cochon
pin,buy,man,bought,bought,Der,Mann,hat,die,Nadel,gekauft,kaufen,kaufte,The man bought the pin,The man has bought the pin,Der Mann kaufte die Nadel,Der Mann hat die Nadel gekauft,Der Mann,Der Mann hat,Der Mann hat die Nadel,,L'homme a acheté l'épingle,L'homme a,L',homme,acheté,l',épingle
pipe,clean,plumber,cleaned,cleaned,Der,Klempner,hat,das,Rohr,gereinigt,reinigen,reinigte,The plumber cleaned the pipe,The plumber has cleaned the pipe,Der Klempner reinigte das Rohr,Der Klempner hat das Rohr gereinigt,Der Klempner,Der Klempner hat,Der Klempner hat das Rohr,,Le plombier a nettoyé le tuyau,Le plombier a,Le,plombier,nettoyé,le,tuyau
plane,fly,pilot,flew,flown,Der,Pilot,hat,das,Flugzeug,geflogen,fliegen,flog,The pilot flew the plane,The pilot has flown the plane,Der Pilot flog das Flugzeug,Der Pilot hat das Flugzeug geflogen,Der Pilot,Der Pilot hat,Der Pilot hat das Flugzeug,,Le pilote a piloté l'avion,Le pilote a,Le,pilote,piloté,l',avion
plate,wash,cook,washed,washed,Der,Koch,hat,den,Teller,gespült,spülen,spülte,The cook washed the plate,The cook has washed the plate,Der Koch spülte den Teller,Der Koch hat den Teller gespült,Der Koch,Der Koch hat,Der Koch hat den Teller,,Le cuisinier a lavé l'assiette,Le cuisinier a,Le,cuisinier,lavé,l',assiette
plough,pull,boy,pulled,pulled,Der,Junge,hat,den,Pflug,gezogen,ziehen,zog,The boy pulled the plough,The boy has pulled the plough,Der Junge zog den Pflug,Der Junge hat den Pflug gezogen,Der Junge,Der Junge hat,Der Junge hat den Pflug,,Le garçon a tiré la charrue,Le garçon a,Le,garçon,tiré,la,charrue
pocket,sew,tailor,sewed,sewn,Der,Schneider,hat,die,Tasche,genäht,nähen,nähte,The tailor sewed the pocket,The tailor has sewn the pocket,Der Schneider nähte die Tasche,Der Schneider hat die Tasche genäht,Der Schneider,Der Schneider hat,Der Schneider hat die Tasche,,Le tailleur a cousu la poche,Le tailleur a,Le,tailleur,cousu,la,poche
pot,drop,teenager,dropped,dropped,Der,Teenager,hat,den,Topf,fallen lassen,fallen lassen,ließ,The teenager dropped the pot,The teenager has dropped the pot,Der Teenager ließ den Topf fallen,Der Teenager hat den Topf fallen lassen,Der Teenager,Der Teenager hat,Der Teenager hat den Topf,,L'adolescent a fait tomber la casserole,L'adolescent a,L',adolescent,fait tomber,la,casserole
potato,cook,man,cooked,cooked,Der,Mann,hat,die,Kartoffel,gekocht,kochen,kochte,The man cooked the potato,The man has cooked the potato,Der Mann kochte die Kartoffel,Der Mann hat die Kartoffel gekocht,Der Mann,Der Mann hat,Der Mann hat die Kartoffel,,L'homme a cuit la pomme de terre,L'homme a,L',homme,cuit,la,pomme de terre
rail,build,construction worker,built,built,Der,Bauarbeiter,hat,die,Schiene,gebaut,bauen,baute,The construction worker built the rail,The construction worker has built the rail,Der Bauarbeiter baute die Schiene,Der Bauarbeiter hat die Schiene gebaut,Der Bauarbeiter,Der Bauarbeiter hat,Der Bauarbeiter hat die Schiene,,L'ouvrier du bâtiment a construit le rail,L'ouvrier du bâtiment a,L',ouvrier du bâtiment,construit,le,rail
rat,see,owl,saw,seen,Die,Eule,hat,die,Ratte,gesehen,sehen,sah,The owl saw the rat,The owl has seen the rat,Die Eule sah die Ratte,Die Eule hat die Ratte gesehen,Die Eule,Die Eule hat,Die Eule hat die Ratte,,La chouette a vu le rat,La chouette a,La,chouette,vu,le,rat
receipt,print,cashier,printed,printed,Der,Kassierer,hat,die,Quittung,ausgedruckt,ausdrucken,druckte,The cashier printed the receipt,The cashier has printed the receipt,Der Kassierer druckte die Quittung aus,Der Kassierer hat die Quittung ausgedruckt,Der Kassierer,Der Kassierer hat,Der Kassierer hat die Quittung,,Le caissier a imprimé le ticket de caisse,Le caissier a,Le,caissier,imprimé,le,ticket de caisse
ring,make,jeweler,made,made,Der,Juwelier,hat,den,Ring,hergestellt,herstellen,stellte,The jeweler made the ring,The jeweler has made the ring,Der Juwelier stellte den Ring her,Der Juwelier hat den Ring hergestellt,Der Juwelier,Der Juwelier hat,Der Juwelier hat den Ring,,Le bijoutier a fabriqué la bague,Le bijoutier a,Le,bijoutier,fabriqué,la,bague
rod,buy,fisherman,bought,bought,Der,Fischer,hat,die,Angel,gekauft,kaufen,kaufte,The fisherman bought the rod,The fisherman has bought the rod,Der Fischer kaufte die Angel,Der Fischer hat die Angel gekauft,Der Fischer,Der Fischer hat,Der Fischer hat die Angel,,Le pêcheur a acheté la canne à pêche,Le pêcheur a,Le,pêcheur,acheté,la,canne à pêche
roof,clean,man,cleaned,cleaned,Der,Mann,hat,das,Dach,gereinigt,reinigen,reinigte,The man cleaned the roof,The man has cleaned the roof,Der Mann reinigte das Dach,Der Mann hat das Dach gereinigt,Der Mann,Der Mann hat,Der Mann hat das Dach,,L'homme a nettoyé le toit,L'homme a,L',homme,nettoyé,le,toit
root,cut,botanist,cut,cut,Der,Botaniker,hat,die,Wurzel,abgeschnitten,abschneiden,schnitt,The botanist cut the root,The botanist has cut the root,Der Botaniker schnitt die Wurzel ab,Der Botaniker hat die Wurzel abgeschnitten,Der Botaniker,Der Botaniker hat,Der Botaniker hat die Wurzel,,Le botaniste a coupé la racine,Le botaniste a,Le,botaniste,coupé,la,racine
school,compliment,man,complimented,complimented,Der,Mann,hat,die,Schule,gelobt,loben,lobte,The man complimented the school,The man has complimented the school,Der Mann lobte die Schule,Der Mann hat die Schule gelobt,Der Mann,Der Mann hat,Der Mann hat die Schule,,L'homme a complimenté l'école,L'homme a,L',homme,complimenté,l',école
scissors,take,teacher,took,taken,Der,Lehrer,hat,die,Schere,genommen,nehmen,nahm,The teacher took the scissors,The teacher has taken the scissors,Der Lehrer nahm die Schere,Der Lehrer hat die Schere genommen,Der Lehrer,Der Lehrer hat,Der Lehrer hat die Schere,,Le professeur a pris les ciseaux,Le professeur a,Le,professeur,pris,les,ciseaux
screw,use,mechanic,used,used,Der,Mechaniker,hat,die,Schraube,benutzt,benutzen,benutzte,The mechanic used the screw,The mechanic has used the screw,Der Mechaniker benutzte die Schraube,Der Mechaniker hat die Schraube benutzt,Der Mechaniker,Der Mechaniker hat,Der Mechaniker hat die Schraube,,Le mécanicien a utilisé la vis,Le mécanicien a,Le,mécanicien,utilisé,la,vis
seed,plant,gardener,planted,planted,Der,Gärtner,hat,den,Samen,gepflanzt,pflanzen,pflanzte,The gardener planted the seed,The gardener has planted the seed,Der Gärtner pflanzte den Samen,Der Gärtner hat den Samen gepflanzt,Der Gärtner,Der Gärtner hat,Der Gärtner hat den Samen,,Le jardinier a planté la graine,Le jardinier a,Le,jardinier,planté,la,graine
sheep,shear,farmer,sheared,shorn,Der,Bauer,hat,die,Schafe,geschoren,scheren,"['schor', 'scherte']",The farmer sheared the sheep,The farmer has shorn the sheep,"Der Bauer ['schor', 'scherte'] die Schafe",Der Bauer hat die Schafe geschoren,Der Bauer,Der Bauer hat,Der Bauer hat die Schafe,,Le fermier a tondu le mouton,Le fermier a,Le,fermier,tondu,le,mouton
shelf,build,man,built,built,Der,Mann,hat,das,Regal,gebaut,bauen,baute,The man built the shelf,The man has built the shelf,Der Mann baute das Regal,Der Mann hat das Regal gebaut,Der Mann,Der Mann hat,Der Mann hat das Regal,,L'homme a construit l'étagère,L'homme a,L',homme,construit,l',étagère
ship,board,pirate,boarded,boarded,Der,Pirat,hat,das,Schiff,geentert,entern,enterte,The pirate boarded the ship,The pirate has boarded the ship,Der Pirat enterte das Schiff,Der Pirat hat das Schiff geentert,Der Pirat,Der Pirat hat,Der Pirat hat das Schiff,,Le pirate a abordé le navire,Le pirate a,Le,pirate,abordé,le,navire
shirt,iron,man,ironed,ironed,Der,Mann,hat,das,Hemd,gebügelt,bügeln,bügelte,The man ironed the shirt,The man has ironed the shirt,Der Mann bügelte das Hemd,Der Mann hat das Hemd gebügelt,Der Mann,Der Mann hat,Der Mann hat das Hemd,,L'homme a repassé la chemise,L'homme a,L',homme,repassé,la,chemise
shoe,throw,child,threw,thrown,Das,Kind,hat,den,Schuh,geworfen,werfen,warf,The child threw the shoe,The child has thrown the shoe,Das Kind warf den Schuh,Das Kind hat den Schuh geworfen,Das Kind,Das Kind hat,Das Kind hat den Schuh,,L'enfant a jeté la chaussure,L'enfant a,L',enfant,jeté,la,chaussure
skirt,sew,tailor,sewed,sewn,Der,Schneider,hat,den,Rock,genäht,nähen,nähte,The tailor sewed the skirt,The tailor has sewn the skirt,Der Schneider nähte den Rock,Der Schneider hat den Rock genäht,Der Schneider,Der Schneider hat,Der Schneider hat den Rock,,Le tailleur a cousu la jupe,Le tailleur a,Le,tailleur,cousu,la,jupe
snake,kill,bird,killed,killed,Der,Vogel,hat,die,Schlange,getötet,töten,tötete,The bird killed the snake,The bird has killed the snake,Der Vogel tötete die Schlange,Der Vogel hat die Schlange getötet,Der Vogel,Der Vogel hat,Der Vogel hat die Schlange,,L'oiseau a tué le serpent,L'oiseau a,L',oiseau,tué,le,serpent
spade,break,gardener,broke,broken,Der,Gärtner,hat,die,Schaufel,zerbrochen,zerbrechen,zerbrach,The gardener broke the spade,The gardener has broken the spade,Der Gärtner zerbrach die Schaufel,Der Gärtner hat die Schaufel zerbrochen,Der Gärtner,Der Gärtner hat,Der Gärtner hat die Schaufel,,Le jardinier a cassé la bêche,Le jardinier a,Le,jardinier,cassé,la,bêche
sponge,squeeze,woman,squeezed,squeezed,Die,Frau,hat,den,Schwamm,ausgedrückt,ausdrücken,drückte,The woman squeezed the sponge,The woman has squeezed the sponge,Die Frau drückte den Schwamm aus,Die Frau hat den Schwamm ausgedrückt,Die Frau,Die Frau hat,Die Frau hat den Schwamm,,La femme a pressé l'éponge,La femme a,La,femme,pressé,l',éponge
spoon,lick,kid,licked,licked,Das,Kind,hat,den,Löffel,abgeleckt,ablecken,leckte,The kid licked the spoon,The kid has licked the spoon,Das Kind leckte den Löffel ab,Das Kind hat den Löffel abgeleckt,Das Kind,Das Kind hat,Das Kind hat den Löffel,,L'enfant a léché la cuillère,L'enfant a,L',enfant,léché,la,cuillère
square,draw,mathematician,drew,drawn,Der,Mathematiker,hat,das,Quadrat,gezeichnet,zeichnen,zeichnete,The mathematician drew the square,The mathematician has drawn the square,Der Mathematiker zeichnete das Quadrat,Der Mathematiker hat das Quadrat gezeichnet,Der Mathematiker,Der Mathematiker hat,Der Mathematiker hat das Quadrat,,Le mathématicien a dessiné le carré,Le mathématicien a,Le,mathématicien,dessiné,le,carré
stamp,buy,collector,bought,bought,Der,Sammler,hat,die,Briefmarke,gekauft,kaufen,kaufte,The collector bought the stamp,The collector has bought the stamp,Der Sammler kaufte die Briefmarke,Der Sammler hat die Briefmarke gekauft,Der Sammler,Der Sammler hat,Der Sammler hat die Briefmarke,,Le collectionneur a acheté le timbre,Le collectionneur a,Le,collectionneur,acheté,le,timbre
star,hate,scientist,hated,hated,Der,Wissenschaftler,hat,den,Stern,gehasst,hassen,hasste,The scientist hated the star,The scientist has hated the star,Der Wissenschaftler hasste den Stern,Der Wissenschaftler hat den Stern gehasst,Der Wissenschaftler,Der Wissenschaftler hat,Der Wissenschaftler hat den Stern,,Le scientifique a détesté l'étoile,Le scientifique a,Le,scientifique,détesté,l',étoile
stick,throw,child,threw,thrown,Das,Kind,hat,den,Stock,geworfen,werfen,warf,The child threw the stick,The child has thrown the stick,Das Kind warf den Stock,Das Kind hat den Stock geworfen,Das Kind,Das Kind hat,Das Kind hat den Stock,,L'enfant a jeté le bâton,L'enfant a,L',enfant,jeté,le,bâton
street,build,mayor,built,built,Der,Bürgermeister,hat,die,Straße,gebaut,bauen,baute,The mayor built the street,The mayor has built the street,Der Bürgermeister baute die Straße,Der Bürgermeister hat die Straße gebaut,Der Bürgermeister,Der Bürgermeister hat,Der Bürgermeister hat die Straße,,Le maire a construit la rue,Le maire a,Le,maire,construit,la,rue
sun,see,woman,saw,seen,Die,Frau,hat,die,Sonne,gesehen,sehen,sah,The woman saw the sun,The woman has seen the sun,Die Frau sah die Sonne,Die Frau hat die Sonne gesehen,Die Frau,Die Frau hat,Die Frau hat die Sonne,,La femme a vu le soleil,La femme a,La,femme,vu,le,soleil
table,set,host,set,set,Der,Gastgeber,hat,den,Tisch,gedeckt,decken,deckte,The host set the table,The host has set the table,Der Gastgeber deckte den Tisch,Der Gastgeber hat den Tisch gedeckt,Der Gastgeber,Der Gastgeber hat,Der Gastgeber hat den Tisch,,L'hôte a mis la table,L'hôte a,L',hôte,mis,la,table
thread,rip,seamstress,ripped,ripped,Die,Schneiderin,hat,den,Faden,gerissen,reißen,riss,The seamstress ripped the thread,The seamstress has ripped the thread,Die Schneiderin riss den Faden,Die Schneiderin hat den Faden gerissen,Die Schneiderin,Die Schneiderin hat,Die Schneiderin hat den Faden,,La couturière a déchiré le fil,La couturière a,La,couturière,déchiré,le,fil
ticket,buy,traveller,bought,bought,Der,Reisende,hat,die,Fahrkarte,gekauft,kaufen,kaufte,The traveller bought the ticket,The traveller has bought the ticket,Der Reisende kaufte die Fahrkarte,Der Reisende hat die Fahrkarte gekauft,Der Reisende,Der Reisende hat,Der Reisende hat die Fahrkarte,,Le voyageur a acheté le billet,Le voyageur a,Le,voyageur,acheté,le,billet
town,choose,student,chose,chosen,Der,Student,hat,die,Stadt,ausgewählt,auswählen,wählte,The student chose the town,The student has chosen the town,Der Student wählte die Stadt aus,Der Student hat die Stadt ausgewählt,Der Student,Der Student hat,Der Student hat die Stadt,,L'étudiant a choisi la ville,L'étudiant a,L',étudiant,choisi,la,ville
train,board,passenger,boarded,boarded,Der,Passagier,hat,den,Zug,bestiegen,besteigen,bestieg,The passenger boarded the train,The passenger has boarded the train,Der Passagier bestieg den Zug,Der Passagier hat den Zug bestiegen,Der Passagier,Der Passagier hat,Der Passagier hat den Zug,,Le passager a pris le train,Le passager a,Le,passager,pris,le,train
tray,drop,waiter,dropped,dropped,Der,Kellner,hat,das,Tablett,fallen lassen,fallen lassen,ließ,The waiter dropped the tray,The waiter has dropped the tray,Der Kellner ließ das Tablett fallen,Der Kellner hat das Tablett fallen lassen,Der Kellner,Der Kellner hat,Der Kellner hat das Tablett,,Le serveur a fait tomber le plateau,Le serveur a,Le,serveur,fait tomber,le,plateau
tree,cut,lumberjack,cut,cut,Der,Holzfäller,hat,den,Baum,gefällt,gefallen,gefiel,The lumberjack cut the tree,The lumberjack has cut the tree,Der Holzfäller gefiel den Baum,Der Holzfäller hat den Baum gefällt,Der Holzfäller,Der Holzfäller hat,Der Holzfäller hat den Baum,,Le bûcheron a coupé l'arbre,Le bûcheron a,Le,bûcheron,coupé,l',arbre
trousers,rip,boy,ripped,ripped,Der,Junge,hat,die,Hose,zerrissen,zerreißen,zerriss,The boy ripped the trousers,The boy has ripped the trousers,Der Junge zerriss die Hose,Der Junge hat die Hose zerrissen,Der Junge,Der Junge hat,Der Junge hat die Hose,,Le garçon a déchiré le pantalon,Le garçon a,Le,garçon,déchiré,le,pantalon
umbrella,open,man,opened,opened,Der,Mann,hat,den,Regenschirm,aufgespannt,aufspannen,spannte,The man opened the umbrella,The man has opened the umbrella,Der Mann spannte den Regenschirm auf,Der Mann hat den Regenschirm aufgespannt,Der Mann,Der Mann hat,Der Mann hat den Regenschirm,,L'homme a ouvert le parapluie,L'homme a,L',homme,ouvert,le,parapluie
wall,punch,man,punched,punched,Der,Mann,hat,die,Wand,geschlagen,schlagen,schlug,The man punched the wall,The man has punched the wall,Der Mann schlug die Wand,Der Mann hat die Wand geschlagen,Der Mann,Der Mann hat,Der Mann hat die Wand,,L'homme a donné un coup de poing dans le mur,L'homme a,L',homme,donné un coup de poing dans,le,mur
watch,fix,mechanic,fixed,fixt,Der,Mechaniker,hat,die,Uhr,repariert,reparieren,reparierte,The mechanic fixed the watch,The mechanic has fixt the watch,Der Mechaniker reparierte die Uhr,Der Mechaniker hat die Uhr repariert,Der Mechaniker,Der Mechaniker hat,Der Mechaniker hat die Uhr,,Le mécanicien a réparé la montre,Le mécanicien a,Le,mécanicien,réparé,la,montre
whip,swing,man,swung,swung,Der,Mann,hat,die,Peitsche,geschwungen,schwingen,schwang,The man swung the whip,The man has swung the whip,Der Mann schwang die Peitsche,Der Mann hat die Peitsche geschwungen,Der Mann,Der Mann hat,Der Mann hat die Peitsche,,L'homme a fait claquer le fouet,L'homme a,L',homme,fait claquer,le,fouet
whistle,blow,coach,blew,blown,Der,Trainer,hat,die,Pfeife,geblasen,blasen,blies,The coach blew the whistle,The coach has blown the whistle,Der Trainer blies die Pfeife,Der Trainer hat die Pfeife geblasen,Der Trainer,Der Trainer hat,Der Trainer hat die Pfeife,,Le coach a soufflé dans le sifflet,Le coach a,Le,coach,soufflé dans,le,sifflet
window,close,woman,closed,closed,Die,Frau,hat,das,Fenster,geschlossen,schließen,schloss,The woman closed the window,The woman has closed the window,Die Frau schloss das Fenster,Die Frau hat das Fenster geschlossen,Die Frau,Die Frau hat,Die Frau hat das Fenster,,La femme a fermé la fenêtre,La femme a,La,femme,fermé,la,fenêtre
